english_label,french_label,latin_label,q_identifier,mediate_label,viaf_id,mediate_nb_items,mediate_nb_collections,english_aliases,french_aliases,latin_aliases,writing_languages
Apuleius,Apulée,Lucius Apuleius,Q170512,Apuleius,32115433,273,179,"[""Lucius Apuleius""]","[""Apulee""]","[""Apuleius Madaurensis"", ""Lucius Apuleius Madaurensis"", ""Apuleius""]","[""Latin""]"
Ammianus Marcellinus,Ammien Marcellin,Ammianus Marcellinus,Q172198,Ammianus Marcellinus,89594750,133,109,"[""Ammianus""]","[""Amien Marcellin"", ""Ammianus Marcellinus"", ""Ammianus""]","[""Ammianus"", ""Ammianus Marcellinus Historicus""]","[""Latin""]"
Publius Papinius Statius,Stace,Publius Papinius Statius,Q243203,"Statius, Publius Papinus",100904338,204,150,"[""Statius""]","[""Stace"", ""Publius Papinius Statius""]","[""Statius"", ""Statius Poeta"", ""Papinius Statius""]","[""Latin""]"
Coelius Sedulius,Coelius Sedulius,Coelius Sedulius,Q538564,Coelius Sedulius,18636329,2,2,"[""Caelius Sedulius"", ""Siadhal"", ""Sedulius""]",[],"[""Sedulius presbyter"", ""Sedulius Poeta"", ""Caelius Sedulius"", ""Sedulius""]","[""Latin""]"
Aemilius Probus,Aemilius Probus,Aemilius Probus,Q37740777,Aemilius Probus,59141391,15,15,[],[],[],"[""Latin""]"
Julius Caesar,Jules César,Gaius Iulius Caesar,Q1048,"Caesar, Gaius Julius",286265178,823,364,"[""Divine Julius""]","[""Jules Caesar"", ""C\u00e9sar"", ""Caius Julius Caesar""]","[""CAIVS\u2022IVLIVS\u2022CAESAR"", ""IMPERATOR\u2022CAIVS\u2022IVLIVS\u2022CAESAR\u2022DIVVS"", ""C.Iulius C.f.C.n. Caesar""]","[""Latin""]"
Virgil,Virgile,Publius Vergilius Maro,Q1398,Virgil (Vergilius Maro),8194433,1892,466,"[""Swan of Mantua"", ""Publius Vergilius Maro"", ""Mantuan Swan"", ""Vergil""]","[""Publius Vergilius Maro""]","[""Vergilius Maro"", ""Vergilius""]","[""Latin""]"
Vegetius,Végèce,Flavius Vegetius Renatus,Q4298,"Vegetius, Publicus Flavius",100197902,96,89,"[""Vegetius Renatus"", ""Flavius Vegetius Renatus"", ""Flavius Vegetius"", ""Publius Vegetius Renatus"", ""Publius Flavius Vegetius Renatus""]","[""Vegece"", ""Vegetius""]","[""Publius Flavius Vegetius Renatus"", ""Vegetius""]","[""Latin""]"
Vitruvius,Vitruve,Marcus Vitruvius Pollio,Q47163,Vitruvius,46768430,165,92,"[""Pollio Vitruvius"", ""Marcus Vitruvius Pollio"", ""Vitruvius Pollio""]","[""Marc Vitruve"", ""Vitruvius""]","[""Vitruvius Pollio Scriptor de architectura"", ""Vitruvius"", ""Vitruvius Pollio""]","[""Latin""]"
Phaedrus,Phèdre,Phaedrus,Q52166,"Phaedrus, Gaius Julius",100219094,448,246,"[""Gaius Julius Phaedrus"", ""Ph\u00e6drus""]",[],"[""Gaius Iulius Phaedrus"", ""Phaedrus Scriptor fabularum""]","[""Latin""]"
Oppian,Oppien de Corycos,Oppianus Corycius,Q116508,Oppian of Cilicia,86913544,40,36,"[""Oppianus"", ""Oppian of Corycus"", ""Oppianos""]","[""Oppien d'Anazarbe"", ""Oppien de Cilicie"", ""Oppien""]","[""Oppianus Anazarbensis"", ""Oppianus Epicus""]","[""Ancient Greek""]"
Menander,Ménandre,Menander,Q118992,Menander,297103308,54,43,"[""Menander of Athens""]","[""Menandre""]","[""Menander Atheniensis"", ""Menander Comicus""]","[""Ancient Greek""]"
Aristarchus of Samos,Aristarque de Samos,Aristarchus Samius,Q140188,Aristarchus of Samos,79398695,4,4,"[""Aristarchos of Samos""]",[],"[""Aristarchus Astronomus"", ""Aristarchus Samius Astronomus""]","[""Ancient Greek""]"
Eusebius of Caesarea,Eusèbe de Césarée,Eusebius Caesariensis,Q142999,Eusebius of Caesarea,4929593,390,210,"[""Eusebius Pamphili"", ""Eusebius""]",[],"[""Eusebius Pamphilus"", ""Eusebius Scriptor ecclesiasticus"", ""Eusebius Pamphili"", ""Eusebius Theologus""]","[""Ancient Greek""]"
Diophantus of Alexandria,Diophante d'Alexandrie,Diophantus Alexandrinus,Q178217,Diophantus of Alexandria,2604182,20,20,"[""Diophantus""]","[""Diophant"", ""Diophante""]","[""Diophantus Mathematicus"", ""Diophantus""]","[""Ancient Greek""]"
Clement of Alexandria,Clément d'Alexandrie,Clemens Alexandrinus,Q188883,Clement of Alexandria,100185827,109,92,"[""Saint Clement"", ""Titus Flavius Clemens""]","[""Cl\u00e9ment d\u2019Alexandrie"", ""Clement d'Alexandrie""]","[""Clemens Alexandrinus Theologus"", ""Titus Flavius Clemens""]","[""Ancient Greek""]"
Hierocles of Alexandria,Hiéroclès d'Alexandrie,Hierocles Alexandrinus,Q248840,Hierocles of Alexandria,84971648,118,98,[],[],"[""Hierocles Philosophus"", ""Hierocles Platonicus""]","[""Ancient Greek""]"
Socrates of Constantinople,Socrate le Scolastique,Socrates Scholasticus,Q336198,Socrates Scholasticus,107158790626238851415,64,61,"[""Socrates Scholasticus""]","[""Socrate Scolasticus"", ""Socrates Scholasticus"", ""Socrate de Constantinople""]","[""Socrates Constantinopolitanus"", ""Socrates Scholasticus Historicus"", ""Socrates Historicus""]","[""Ancient Greek""]"
Babrius,Babrius,Babrius,Q455523,Babrius,36151776765518010879,3,3,"[""Valerius Babrius"", ""Gabrius"", ""Gabrias"", ""Babrias""]","[""Babrias""]","[""Valerius Babrius"", ""Valerius Babrius Scriptor fabularum""]","[""Ancient Greek""]"
Aretaeus of Cappadocia,Arétée,Aretaeus Cappadox,Q505931,Aretaeus of Cappadocia,293149294368780522108,43,24,"[""Aret\u00e6us"", ""Aretaeus the Cappadocian"", ""Aretaeus""]","[""Aretee"", ""Ar\u00e9t\u00e9e de Cappadoce""]","[""Aretaeus Medicus"", ""Aretaeus Cappadocius""]","[""Ancient Greek""]"
Rufus of Ephesus,Rufus,Rufus Ephesius,Q1049225,Rufus of Ephesus,42630594,10,7,[],"[""Rufus d'\u00c9ph\u00e8se""]","[""Rufus Medicus""]","[""Ancient Greek""]"
Apollonius the Sophist,Apollonios le Sophiste,Apollonius Sophista,Q2696542,Apollonius the Sophist,266713061,8,8,[],[],[],"[""Ancient Greek""]"
Ptolemy,Claude Ptolémée,Claudius Ptolemaeus,Q34943,"Ptolemy, Claudius",54152998,176,127,"[""Claudius Ptolemeus"", ""Claudius Ptolemy"", ""Claudius Ptolemaeus"", ""Klaudios Ptolemaios""]","[""Claudius Ptolemaeus"", ""Claudius Ptolemeus""]","[""Ptolemaeus Alexandrinus"", ""Ptolem\u00e6us"", ""Ptolemaeus Astrologus"", ""Ptolemaeus Mathematicus"", ""Ptolemaeus"", ""Claudius Ptolem\u00e6us""]","[""Ancient Greek""]"
John Chrysostom,Jean Chrysostome,Ioannes Chrysostomus,Q43706,John Chrysostom (saint),305214868,204,114,"[""Giovanni Crisostomo"", ""St. John Chrysostom"", ""Johannes Chrysostomus"", ""Saint John Chrysostom"", ""Ioannes Crisostomus"", ""Chrysostomus"", ""Chryssorhoas"", ""Joannes Chrysostomus"", ""Iohannes Antiochiensis"", ""Joannes Chrysostomos"", ""John I Chrysostom""]","[""saint Jean Bouche d\u2019Or"", ""Jean Ier Chrysostome"", ""Jean Chrysost\u00f4me""]","[""Iohannes Chrysostomus Scriptor ecclesiasticus"", ""Iohannes Chrysostomus"", ""Johannes Chrysostomus Scriptor ecclesiasticus"", ""Sanctus Iohannes Chrysostomus""]","[""Ancient Greek""]"
Aristotle,Aristote,Aristoteles,Q868,Aristotle,7524651,870,263,"[""the Stagirite""]",[],"[""Aristoteles Pellaeus"", ""Aristoteles Atheniensis"", ""Aristoteles Stagirites""]","[""Attic Greek""]"
Peter Chrysologus,Pierre Chrysologue,Petrus Chrysologus,Q328742,"Chrysologus, Petrus (saint)",88069141,21,19,"[""Peter the Golden-Worded"", ""St. Peter Chrysologus"", ""Petrus Chrysologus""]","[""Saint Pierre Chrysologue""]","[""Petrus Chrysologus Scriptor ecclesiasticus"", ""Petrus Ravennensis""]",[]
Cassius Longinus,Longin,Cassius Longinus,Q436634,"Longinus, Cassius Dionysius",56631326,213,143,"[""Cassius Dionisius Longinus"", ""Dionysius Cassius Longinus""]",[],"[""Longinus Rhetor"", ""Dionysius Cassius Longinus"", ""Longinus Philosophus"", ""Cassius Longinus Philosophus"", ""Cassius Longinus Rhetor""]",[]
