english_label,french_label,latin_label,q_identifier,mediate_label,viaf_id,mediate_nb_items,mediate_nb_collections,english_aliases,french_aliases,latin_aliases,writing_languages
Boethius,Boèce,Anicius Manlius Torquatus Severinus Boethius,Q102851,"Boethius, Anicius Manlius Severinus",100218964,280,188,"[""Anicius Manlius Severinus Bo\u00ebthius"", ""Anicus Manlius Severinus Boethius"", ""Anicius Manlius Torquatus Severinus Boethius""]","[""S\u00e9verin Bo\u00e8ce"", ""Boethius"", ""Boetius"", ""Anicius Manlius Severinus Boethius"", ""Anicius Bo\u00e8ce"", ""Bo\u00ebce""]","[""Anicius Manlius Torquatus Severinus Bo\u00ebthius"", ""Boethius"", ""Anicius Manlius Severinus Bo\u00ebthius"", ""Anicius Manlius Severinus Boethius"", ""Bo\u00ebthius"", ""Severinus Boethius"", ""Anicius Manlius Severinus Boetius""]","[""Latin""]"
Cornelius Nepos,Cornélius Népos,Cornelius Nepos,Q109594,Cornelius Nepos,100219060,478,271,[],"[""Cornelius Nepos"", ""Corn\u00e9lius Nepos""]","[""Cornelius Nepos Historicus""]","[""Latin""]"
Damasus I,Damase Ier,Damasus I,Q130997,Damasus I (Pope),267405622,5,5,"[""Damasus"", ""Pope Damasus I""]","[""Saint Damase""]","[""Sanctus Damasus PP. I""]","[""Latin""]"
Catullus,Catulle,Gaius Valerius Catullus,Q163079,"Catullus, Gaius Valerius",100218993,425,230,"[""Gaius Valerius Catullus"", ""Caius Valerius Catullus""]","[""Caius Valerius Catullus"", ""Catullus""]","[""Caius Valerius Catullus"", ""Catullus""]","[""Latin""]"
Terence,Térence,Publius Terentius Afer,Q172048,Terence (Publius Terentius Afer),66462384,1185,399,"[""Terentius"", ""Publius Terentius Afer""]","[""Terentius"", ""Terence"", ""Publius Terentius Afer""]","[""Terentius"", ""Terentius Comicus"", ""P. Terentius Afer""]","[""Latin""]"
Tertullian,Tertullien,Quintus Septimius Florens Tertullianus,Q174929,"Tertullian, Quintus Septimius",257902368,254,156,"[""Quintus Septimius Florens Tertullianus""]","[""Quintus Septimus Florens Tertullianus""]","[""Tertullianus Scriptor ecclesiasticus"", ""Quintus Septimus Florens Tertullianus"", ""Tertullianus""]","[""Latin""]"
Cato the Elder,Caton l'Ancien,Marcus Porcius Cato maior,Q180081,Cato (the Elder),99852885,75,61,"[""Marcus Porcius Catus"", ""Marcus Porcius Cato Maior"", ""Marcus Porcius Cato Sapiens"", ""Cato Censor"", ""Cato Sapiens"", ""Marcus Porcius Cato"", ""Marcus Porcius Cato Major"", ""Cato Major"", ""Marcus Portius Cato""]","[""Caton le Censeur"", ""Marcus Porcius Cato Maior""]","[""Marcus Porcius Cato Censor"", ""Marcus Porcius Catus"", ""Cato Maior"", ""Cato senior"", ""M. Porcius Cato maior"", ""Cato Censor"", ""Marcus Porcius Cato Censorius"", ""Marcus Cato"", ""Marcus Porcius Cato""]","[""Latin""]"
Julius Firmicus Maternus,Julius Firmicus Maternus,Iulius Firmicus Maternus,Q367422,"Firmicus Maternus, Julius",5015147967361884200009,27,22,"[""Firmicius Maternus"", ""Firmicus Maternus""]","[""Firmicus Maternus""]","[""Firmicius Maternus"", ""Firmicus Maternus""]","[""Latin""]"
Fulgentius of Ruspe,Fulgence de Ruspe,Fulgentius Ruspensis,Q380089,Fulgentius of Ruspe (saint),102324857,37,31,[],"[""Claudius Gordianus Fulgentius""]","[""Fabius Claudius Gordianus Fulgentius"", ""sanctus Fulgentius Ruspensis""]","[""Latin""]"
Nonius Marcellus,Nonius Marcellus,Nonius Marcellus,Q183420,Nonius Marcellus,59182520,25,24,"[""Marcellus Nonius""]",[],"[""Nonius Marcellus Grammaticus""]","[""Latin""]"
Avianus,Avianus,Avianus,Q185732,"Avianus, Flavius",41836105,28,26,"[""Flavius Avianus""]","[""Flavius Avianus""]","[""Avianus Poeta"", ""Flavius Avianus""]","[""Latin""]"
Lucan,Lucain,Lucanus,Q188646,Lucan (Marcus Annaeus Lucanus),100902938,501,278,"[""Marcus Annaeus Lucanus"", ""Lucanus""]","[""Marcus Annaeus Lucanus""]","[""Marcus Annaeus Lucanus"", ""M. Annaeus Lucanus"", ""Lucanus Poeta""]","[""Latin""]"
Cyprian,Cyprien de Carthage,Cyprianus Carthaginiensis,Q190240,Cyprian of Carthage (saint),100179090,147,103,"[""Saint Cyprian"", ""St. Cyprian"", ""Cyprianus Carthaginiensis"", ""Cyprian of Carthage""]","[""Saint Cyprien de Carthage""]","[""Cyprianus Carthaginensis"", ""Thascius Caecilius Cyprianus"", ""Sanctus Cyprianus""]","[""Latin""]"
Cassiodorus,Cassiodore,Cassiodorus,Q192365,Aurelius Cassiodorus,95230707,55,48,"[""Flavius Magnus Aurelius Cassiodorus Senator""]","[""Cassiodorus""]","[""Flavius Magnus Aurelius Cassiodorus"", ""Cassiodorus Senator"", ""Flavius Magnus Aurelius Cassiodorus Senator""]","[""Latin""]"
Quintilian,Quintilien,Marcus Fabius Quintilianus,Q193769,"Quintilian, Marcus Fabius",34451872,401,226,"[""Marcus Fabius Quintilian"", ""Marcus Fabius Quintilianus""]",[],"[""Quintilianus"", ""Quintilianus Rhetor""]","[""Latin""]"
Juvenal,Juvénal,Decimus Iunius Iuvenalis,Q193800,Juvenal,83985148,861,355,"[""Decimus Iunius Iuvenalis"", ""Decimus Junius Juvenalis""]","[""Juvenal""]","[""Juvenalis"", ""Iuvenalis"", ""Decimus Iunius Iuuenalis""]","[""Latin""]"
Porphyry,Porphyre de Tyr,Porphyrius Tyrius,Q203445,Porphyry of Tyre,102333270,47,43,"[""Porphyry of Tyre"", ""Malchus""]",[],"[""Porphyrius"", ""Porphyrius Philosophus"", ""Malchus""]","[""Latin"", ""Ancient Greek""]"
Claudian,Claudien,Claudius Claudianus,Q205947,Claudian (Claudius Claudianus),246763674,224,160,"[""Claudianus"", ""Claudius Claudianus of Alexandria"", ""Claudius Claudianus""]","[""Claudius Claudianus"", ""Claudius Claudianus d'Alexandrie""]","[""Claudianus"", ""Claudius Claudianus Alexandrinus""]","[""Latin"", ""Ancient Greek""]"
Marcus Terentius Varro,Varron,Marcus Terentius Varro,Q206119,"Terentius Varro, Marcus",100219311,99,71,"[""Marcus Terentius Varro Reatinus"", ""Varro"", ""Varro Reatinus""]","[""Marcus Terentius Varro""]","[""Marcus Terentius Varro Reatinus"", ""Varro Grammaticus"", ""Varro Reatinus""]","[""Latin""]"
Lactantius,Lactance,Lucius Caecilius Firmianus Lactantius,Q209102,"Lactantius, Lucius Caecilius",100198064,267,174,"[""Lucius Caelius Firmianus Lactantius"", ""Lucius Caecilius Firmianus Lactantius""]","[""Lucius Caecilius Firmianus Lactantius""]","[""Lactantius"", ""Lactantius Firmianus"", ""Lucius Caecilius Firmanius Lactantius""]","[""Latin""]"
Justin,Justin,Marcus Iunianus Iustinus,Q210853,"Justin, Marcus Junianus",24616821,567,303,"[""Marcus Iunianus Iustinus Frontinus"", ""Marcus Iunianus Iustinus"", ""Marcus Junianus Justinus"", ""Marcus Junianus Justinus Frontinus""]","[""Junianus Justinus""]","[""Iunianus Iustinus"", ""Iustinus"", ""M. Iunianus Iustinus""]","[""Latin""]"
Ausonius,Ausone,Decimus Magnus Ausonius,Q234593,"Ausonius, Decimus Magnus",109786483,178,133,"[""Decimus Magnus Ausonius""]",[],"[""Decimius Magnus Ausonius"", ""D. Magnus Ausonius Burdigalensis"", ""Ausonius""]","[""Latin""]"
Sulpicia,Sulpicia,Sulpicia,Q257448,Sulpicia,79413101,4,4,"[""Sulpicia I""]",[],"[""Sulpicia Poeta""]","[""Latin""]"
Seneca the Elder,Sénèque l'Ancien,Annaeus Seneca maior,Q273671,"Seneca, Marcus / Lucius Annaeus (rhetor)",23497389,43,37,"[""Ann\u00e6us Seneca"", ""Annaeus Seneca maior""]","[""Lucius Annaeus Seneca"", ""Seneque l'Ancien"", ""S\u00e9n\u00e8que le Rh\u00e9teur""]","[""Lucius Annaeus Seneca"", ""Seneca Maior"", ""Seneca Rhetor""]","[""Latin""]"
Aurelius Victor,Aurelius Victor,Sextus Aurelius Victor,Q275606,Aurelius Victor,64001057,120,100,"[""Victor Sextus Aurelius"", ""Sextus Aurelius Victor""]","[""Aur\u00e9lius Victor"", ""Sextus Aurelius Victor""]","[""Aurelius Victor""]","[""Latin""]"
Aulus Gellius,Aulu-Gelle,Aulus Gellius,Q294800,Aulus Gellius,100198334,285,196,"[""Gellius"", ""Aulus Gellus"", ""Agellius""]","[""Aulus-Gellius"", ""Aulu Gelle"", ""Aulus Gellius""]","[""Gellius""]","[""Latin""]"
Frontinus,Frontin,Sextus Iulius Frontinus,Q297377,"Frontinus, Sextus Julius",12349897,94,73,"[""Sextus Julius Frontinus"", ""Sextus Iulius Frontinus""]","[""Sextus Julius Frontinus"", ""Sextus Julius Frontin""]","[""Frontinus""]","[""Latin""]"
Gaius Lucilius,Lucilius,Gaius Lucilius,Q298729,Lucilius,89131128,19,16,"[""Caius Lucilius"", ""Lucilius""]","[""Caius Lucilius"", ""Gaius Lucilius""]","[""Lucilius"", ""Lucilius Satyricus""]","[""Latin""]"
Sextus Pompeius Festus,Festus Grammaticus,Sextus Pompeius Festus,Q302723,"Festus, Sextus Pompeius",89123645,54,49,[],"[""Sextus Pompeius Festus""]",[],"[""Latin""]"
Sidonius Apollinaris,Sidoine Apollinaire,Sidonius Apollinaris,Q302936,Sidonius Apollinaris,89203537,32,31,"[""Gaius Sollius Apollinaris Sidoniu"", ""Saint Sidonius Apollinaris"", ""Gaius Sollius Modestus Apollinaris Sidonius"", ""Apollinaris Sidonius""]","[""Caius Sollius Apollinaris Sidonius"", ""Gaius Sollius Apollinaris Sidonius""]","[""Sidonius Poeta""]","[""Latin""]"
Caesarius of Arles,Césaire d'Arles,Caesarius Arelatensis,Q304832,Caesarius Arelatensis,102305735,0,0,"[""Saint Caesarius of Arles""]",[],[],"[""Latin""]"
Ulpian,Ulpien,Domitius Ulpianus,Q310076,"Ulpianus, Domitius",100210035,6,6,"[""Domitius Ulpianus""]","[""Ulpian""]","[""Gnaeus Domitius Ulpianus"", ""Ulpianus""]","[""Latin""]"
Orosius,Paul Orose,Orosius,Q311456,"Orosius, Paulus",2479624,45,41,"[""Paul Orosius"", ""Paulus Orosius""]","[""Orose""]","[""Paulus Orosius"", ""Orosius Historicus""]","[""Latin""]"
Aulus Cornelius Celsus,Celse,Aulus Cornelius Celsus,Q312420,"Celsus, Aulus Cornelius",100172872,163,94,"[""Celsus""]","[""Cornelius Celsus"", ""Aulus Cornelius Celsus""]","[""Celsus Medicus"", ""Cornelius Celsus""]","[""Latin""]"
Eutropius,Eutrope,Eutropius,Q314694,Eutropius,25396473,156,123,"[""Flavius Eutropius""]","[""Flavius Eutropius""]","[""Eutropius Historicus"", ""Flavius Eutropius""]","[""Latin""]"
Gaius Valerius Flaccus,Caius Valerius Flaccus,Gaius Valerius Flaccus,Q316090,"Valerius Flaccus, Gaius",100899421,99,78,"[""Valerius Flaccus"", ""Gaius Valerius Flaccus Setinus Balbus""]","[""Val\u00e9rius Flaccus""]","[""Valerius Flaccus Poeta"", ""Valerius Flaccus"", ""Valerius Flaccus Setinus Balbus"", ""Gaius Valerius Flaccus Setinus Balbus""]","[""Latin""]"
Marcus Velleius Paterculus,Velleius Paterculus,Velleius Paterculus,Q316098,Velleius Paterculus,100171160,324,219,"[""Velleius Paterculus""]","[""Caius Velleius Paterculus"", ""Marcus Velleius Paterculus""]","[""Velleius Paterculus Historicus""]","[""Latin""]"
Lucius Annaeus Florus,Florus,Lucius Annaeus Florus,Q316483,"Florus, Lucius Annaeus",89604346,489,266,"[""Julius Florus"", ""Florus"", ""Iulius Florus""]",[],"[""Florus"", ""Florus Historicus""]","[""Latin""]"
Persius,Perse,Aulus Persius Flaccus,Q332785,Persius (Aulus Persius Flaccus),100198157,579,263,"[""Aulus Persius Flaccus""]","[""Aulus Persius Flaccus""]","[""Aulus Flaccus Persius"", ""Persius Poeta"", ""Persius""]","[""Latin""]"
Sulpicius Severus,Sulpice Sévère,Sulpicius Severus,Q336704,Sulpicius Severus,30332452,184,141,[],"[""Saint Sulpice-S\u00e9v\u00e8re"", ""Sulpice-S\u00e9v\u00e8re"", ""Sulpice-Severe""]","[""Sulpitius Severus""]","[""Latin""]"
Prudentius,Prudence,Aurelius Prudentius Clemens,Q347250,"Prudentius, Aurelius",100010336,118,103,"[""Marcus Aurelius Prudentius Clemens"", ""Aurelius Prudentius Clemens""]","[""Aurelius Prudentius Clemens""]","[""Prudentius Clemens"", ""Prudentius Poeta"", ""Aurelius Prudentius""]","[""Latin""]"
Quintus Aurelius Symmachus,Quintus Aurelius Symmaque,Quintus Aurelius Symmachus,Q355720,"Symmachus, Quintus Aurelius",98247027,42,39,"[""Symmachus"", ""S\u00edmaco""]","[""Symmaque""]","[""Symmachus Orator""]","[""Latin""]"
Publilius Syrus,Publilius Syrus,Publilius Syrus,Q363375,Publilius Syrus,22130553,7,5,[],[],"[""Publilius Syrus Mimographus""]","[""Latin""]"
Marcus Aurelius,Marc Aurèle,Marcus Aurelius,Q1430,Marcus Aurelius Antoninus (emperor),102895066,223,161,"[""Caesar Marcus Aurelius Antoninus Augustus"", ""Antoninus"", ""Marcus Annius Verus"", ""Marcus Aurelius Verus"", ""Verissimus"", ""Marcus Catilius Severus Annius Verus"", ""Marcus Aurelius Antoninus""]",[],"[""Marcus Aurelius Antoninus"", ""Marcus Aurelius Antoninus Philosophus"", ""Marcus Aurelius Antoninus Imperator""]","[""Latin"", ""Ancient Greek""]"
Cicero,Cicéron,Marcus Tullius Cicero,Q1541,"Cicero, Marcus Tullius",78769600,2761,451,"[""Tully"", ""Marcus Tullius Cicero"", ""M. Tullii Ciceronis"", ""M. Tullius Cicero""]","[""Marcus Tullius Cicero""]","[""Cicero"", ""M.Tullius M.f.M.n. Cor. Cicero""]","[""Latin""]"
Titus Livius,Tite-Live,Titus Livius,Q2039,Livy (Titus Livius),99942145,722,354,"[""Titus Livius Patavinus"", ""Livy""]","[""Titus Livius Patavinus"", ""Livy"", ""Titus Livius"", ""Liv""]","[""Titus Livius Patavinus""]","[""Latin""]"
Martial,Martial,Marcus Valerius Martialis,Q2098,"Martial, Marcus Valerius",8099277,507,256,"[""Marcus Valerius Martialis""]","[""Marcus Valerius Martialis""]","[""Martialis Epigrammaticus"", ""Martialis""]","[""Latin""]"
Tacitus,Tacite,Cornelius Tacitus,Q2161,"Tacitus, Publius Cornelius",100226923,1049,418,"[""P. Cornelius Tacitus"", ""Publius Cornelius Tacitus"", ""Cornelius Tacitus"", ""C. Cornelius Tacitus"", ""Gaius Cornelius Tacitus"", ""Publius Cornelius Tacitus Caecina Paetus""]","[""Publius Cornelius Tacitus""]","[""Tacitus Historicus"", ""Tacitus"", ""Publius Cornelius Tacitus""]","[""Latin""]"
Horace,Horace,Quintus Horatius Flaccus,Q6197,Horace (Quintus Horatius Flaccus),100227522,1904,459,"[""Horatius Flaccus"", ""Quintus Horatius Flaccus"", ""Q. Horatius Flaccus"", ""Horatius""]","[""Quintus Horatius Flaccus""]","[""Q. Horatius Flaccus"", ""Horatius Poeta"", ""Horatius""]","[""Latin""]"
Sallust,Salluste,Gaius Sallustius Crispus,Q7170,"Sallust, Gaius Crispus",104162705,687,323,"[""Gaius Sallustius Crispus"", ""Qay Krisp Sallyusti""]",[],"[""Sallustius"", ""C. Sallustius Qui. Crispus""]","[""Latin""]"
Ovid,Ovide,Publius Ovidius Naso,Q7198,"Ovid, Publius Naso",88342447,1650,477,"[""P. Ovidius Naso"", ""Publius Ovidius Naso""]",[],"[""Ovidius""]","[""Latin""]"
Augustine of Hippo,Augustin d’Hippone,Augustinus,Q8018,Augustine of Hippo,66806872,750,263,"[""St. Augustine of Hippo"", ""St. Augoustinos"", ""Augustinus"", ""bishop of Hippo"", ""Aurelius Augustinus Hipponensis"", ""Augustine"", ""Aurelius Augustinus"", ""Aurelius Augustine"", ""Saint Austin"", ""Saint Augustine"", ""St. Augustine"", ""Saint Augustine of Hippo"", ""Aurelius""]","[""Augustin d'Hippone"", ""saint Augustin""]","[""Aurelius Augustinus"", ""Augustinus Aurelius""]","[""Latin""]"
Propertius,Properce,Sextus Propertius,Q8827,"Propertius, Sextus",100907186,368,214,"[""Sextus Aurelius Propertius"", ""Sextus Propertius""]",[],"[""Propertius""]","[""Latin""]"
Suetonius,Suétone,Suetonius,Q10133,Suetonius,100218606,692,318,"[""Gaius Suetonius Tranquillus"", ""Gaio Svetonio Tranquillo"", ""Svetonio"", ""Caius Suetonius Tranquillus"", ""Su\u00e9tone"", ""Tranquillus Suetonius"", ""C. Suetonius Tranquillus"", ""Suetone Tranquile"", ""Suetone"", ""Sveton"", ""Sueton""]",[],"[""Gaius Suetonius Tranquillus"", ""Gaius Suetonius Tranquillus Biographus"", ""Caius Suetonius Tranquillus""]","[""Latin""]"
Justinian I,Justinien,Iustinianus I,Q41866,Justinian I (emperor),88881722,718,255,"[""Flavius Petrus Sabbatius Justinianus Magnus"", ""Imperator Caesar Flavius Iustinianus Alamannicus Gothicus Francicus Germanicus Anticus Alanicus Vandalicus Africanus pius felix inclitus victor ac triumphator semper Augustus"", ""Ioustinianos I"", ""Imperator Caesar Flavius Petrus Sabbatius Iustinianus Augustus"", ""Petrus Sabbatius"", ""Fl\u0101vius Petrus Sabbatius J\u016bst\u012bni\u0101nus"", ""Petrus Sabbatius Iustinianus"", ""Justinian the Great"", ""Iustinianus I"", ""Flavius Petrus Sabbatius Justinianus""]","[""Justinien Ier"", ""Justinien le Magne""]","[""Iustinianus I."", ""Iustinianus"", ""Iustinianus Imperator"", ""Justinianus I""]","[""Latin""]"
Ambrose,Ambroise de Milan,Ambrosius,Q43689,"Ambrosius, Aurelius (saint)",100227669,60,56,"[""St Ambrose"", ""Bishop of Milan Ambrose"", ""Saint Ambrose"", ""St. Ambrose"", ""Bishop of Milan Ambrogio"", ""Bishop of Milan Amvros\u012b\u012d"", ""Ambrose of Milan"", ""Bishop of Milan Aurelius Ambrosius"", ""Saint"", ""Saint Ambrose Bishop of Milan"", ""Bishop of Milan Ambroise"", ""St. Ambrosius"", ""Bp. of Milan Ambrosius"", ""Ambrosius"", ""Bishop of Milan Aurelio Ambrogio"", ""Ambrosius Mediolanensis""]","[""Saint Ambroise de Milan""]","[""Sanctus Aurelius Ambrosius"", ""Ambrosius Mediolanensis"", ""Sanctus Ambrosius""]","[""Latin""]"
Leo I,Léon Ier,Leo I,Q43954,Leo the Great (Pope),9875336,46,40,"[""Pope Leo I"", ""Leo the Great""]","[""L\u00e9on ier"", ""Saint L\u00e9on le Grand"", ""Leon Ier"", ""L\u00e9on le Grand"", ""L\u00e9on Ier le Grand""]","[""Leo Magnus Papa"", ""Leo Magnus"", ""Sanctus Leo PP. I Magnus""]","[""Latin""]"
Jerome,Jérôme de Stridon,Hieronymus,Q44248,"Jerome, Eusebius Sophronius (saint )",95147024,96,80,"[""Jerome of Stridon"", ""Eusebius Hieronymus"", ""Saint Hieronymus"", ""Eusebius Sophronius Hieronymus"", ""Saint Jerome"", ""Sophronius Eusebius Hieronymus"", ""Sofronius Eusebius Hieronymus"", ""Saint Heronimos"", ""St. Jerome"", ""Hieronymus""]","[""Eusebius Hieronymus"", ""J\u00e9rome de Stridon"", ""Jerome de Stridon"", ""Saint J\u00e9r\u00f4me"", ""J\u00e9r\u00f4me"", ""Eusebius Sophronius Hieronymus""]","[""Hieronymus Stridonius"", ""Sanctus Hieronymus"", ""Sophronius Eusebius Hieronymus"", ""Hieronymus Stridonensis"", ""Eusebius Sophronius Hieronymus""]","[""Latin""]"
Lycophron,Lycophron,Lycophron,Q432737,Lycophron of Chalcis,68976194,84,67,"[""Lycophron of Chalcis"", ""Lykophron"", ""Lykophron of Chalkis""]","[""Lycophron de Chalcis""]","[""Lycophron Tragicus"", ""Lycophron Alexandrinus"", ""Lycophron Chalcidicus"", ""Lycophron Chalcidensis""]","[""Ancient Greek""]"
Asconius Pedianus,Asconius,Quintus Asconius Pedianus,Q444285,"Asconius Pedianus, Quintus",85065079,42,35,"[""Asconius""]","[""Asconius Pedianus""]","[""Asconius"", ""Asconius Pedianus""]","[""Latin""]"
Prosper of Aquitaine,Prosper d'Aquitaine,Prosper Tiro Aquitanus,Q454652,Prosper d'Aquitaine (saint),52485706,28,24,"[""Prosper Tiro Aquitanus""]","[""Saint Prosper""]","[""Prosper Aquitanicus"", ""Prosperus Aquitanicus"", ""Prosper Tiro"", ""Prosperus Aquitanus"", ""Tiro Prosper"", ""Prosper Aquitanus"", ""Prosper""]","[""Latin""]"
Verrius Flaccus,Verrius Flaccus,Marcus Verrius Flaccus,Q454995,Verrius Flaccus,13153593741251671199,25,24,"[""Marcus Verrius Flaccus""]","[""Marcus Verrius Flaccus""]","[""Verrius Flaccus Grammaticus"", ""Verrius Flaccus""]","[""Latin""]"
Gaius Julius Solinus,Solin,Gaius Julius Solinus,Q520487,"Solinus, Gaius Julius",51672454,26,24,"[""Solinus"", ""Solin."", ""Gaius Iulius Solinus"", ""Caius Iulius Solinus"", ""C. Julius Solinus"", ""C. Iulius Solinus"", ""Solinus the Grammarian"", ""Caius Julius Solinus"", ""Solinus Grammaticus""]","[""Caius Julius Solin"", ""Caius Julius Solinus"", ""Gaius Julius Solinus""]","[""Solini"", ""Solinus"", ""C. Julii Solini"", ""Caii Julii Solini"", ""Solin."", ""Gaius Iulius Solinus"", ""C. Julius Solinus"", ""C. Iulius Solinus"", ""Solinum"", ""Caii Iulii Solini"", ""Gaii Julii Solini"", ""Solinus Grammaticus"", ""C. Iulii Solini"", ""Soline"", ""Solino"", ""Gaii Iulii Solini""]","[""Latin""]"
Salvian,Salvien de Marseille,Salvianus Massiliensis,Q532684,Salvianus,236486362,47,37,"[""Salvianus"", ""Salvian of Marseilles""]","[""Salvien""]","[""Salvianus""]","[""Latin""]"
Rutilius Taurus Aemilianus Palladius,Palladius,Palladius Rutilius Taurus Aemilianus,Q561353,"Palladius, Rutilius Taurus Aemilianus",54143112,24,21,"[""Palladius Rutilius Taurus Aemilianus""]",[],"[""Rutilius Taurus Aemilianus Palladius""]","[""Latin""]"
Festus,Rufius Festus,Festus,Q666127,"Festus, Rufus Sextus",79076696,4,3,"[""Sextus Rufus"", ""Sextus Festus"", ""Ruffus Festus"", ""Rufus Festus""]","[""Sextus Rufus""]","[""Festus Historicus"", ""Rufius Festus"", ""Sextus Rufus"", ""Rufus Festus""]","[""Latin""]"
Eucherius of Lyon,Eucher de Lyon,Eucherius Lugdunensis,Q671419,Eucherius of Lyon,90719515,1,1,"[""Eucherius""]",[],[],"[""Latin""]"
Julius Obsequens,Julius Obsequens,Iulius Obsequens,Q682860,Julius Obsequens,100202247,37,35,"[""Iulius Obsequens""]",[],"[""Obsequens Mythographus"", ""Julius Obsequens""]","[""Latin""]"
Rutilius Claudius Namatianus,Rutilius Namatianus,Claudius Rutilius Namatianus,Q705919,"Rutilius Namatianus, Claudius",102333340,20,19,"[""Claudius Rutilius Numatianus""]","[""Rutilius Claudius Namatianus"", ""Claudius Rutilius Numatianus""]","[""Rutilius Claudius Namatianus"", ""Claudius Rutilius Numatianus Poeta"", ""Rutilius Namatianus""]","[""Latin""]"
Petronius,Pétrone,Publius Petronius Niger,Q47180,"Petronius Arbiter, Gaius",95155909,389,225,"[""Petronius Arbiter"", ""Publius Petronius Niger"", ""Titus Petronius Niger"", ""Gaius Petronius Arbiter""]","[""Petronius Arbiter"", ""Petrone""]","[""T. Petronius Arbiter"", ""Petronius"", ""Petronius Arbiter"", ""C. Petronius"", ""T. Petronius"", ""Petronius Niger"", ""Titus Petronius Arbiter"", ""Gaius Petronius""]","[""Latin""]"
Censorinus,Censorin,Censorinus,Q707449,Censorinus,195718548,49,45,"[""Censorinus Grammaticus"", ""Censorinus the Grammarian""]","[""Censorinus""]","[""Censorinus Grammaticus"", ""Censorinum"", ""Censorini"", ""Censorine"", ""Censorino""]","[""Latin""]"
Marcus Valerius Probus,Valérius Probus,Marcus Valerius Probus,Q722683,Valerius Probus,90633449,12,10,"[""M. Valerius Probus"", ""Marcus Valerius Probus Berytius"", ""Marcus V. Probus"", ""M. Valerius Probus Berytius"", ""Valerius Probus"", ""Probus of Beirut"", ""Probus Minor"", ""Probus""]","[""Marcus Valerius Probus""]","[""Probus Grammaticus""]","[""Latin""]"
Sextus Pomponius,Sextus Pomponius,Sextus Pomponius,Q944631,Sextus Pomponius,67261809,13,10,[],[],[],"[""Latin""]"
Albinovanus Pedo,Albinovanus Pedo,Albinovanus Pedo,Q1526652,Albinovanus Pedo,8826150033013511180002,23,23,"[""Gaius Pedo Albinovanus""]","[""Gaius Pedo Albinovanus"", ""Caius Pedo Albinovanus""]","[""Gaius Pedo Albinovanus""]","[""Latin""]"
Caelius Aurelianus,Caelius Aurelianus,Caelius Aurelianus,Q2514828,Caelius Aurelianus,102322199,18,16,[],"[""C\u00e9lius Aur\u00e9lien""]",[],"[""Latin""]"
Marius Mercator,Marius Mercator,Marius Mercator,Q2574348,"Mercator, Marius",60905671,8,8,[],[],"[""Marius Mercator Scriptor ecclesiasticus"", ""Marius Mercator Afer""]","[""Latin""]"
Publius Rutilius Lupus,Publius Rutilius Lupus,Publius Rutilius Lupus,Q13410930,"Rutilius Lupus, Publius (rhetorician)",100211635,10,10,"[""Rutilius Lupus""]",[],"[""Rutilius Lupus"", ""Rutilius Lupus Rhetor""]","[""Latin""]"
Hilary of Poitiers,Hilaire de Poitiers,Hilarius Pictaviensis,Q44344,Hilarius Pictaviensis,89595978,42,39,"[""Hammer of the Arians"", ""Athanasius of the West"", ""St. Hilary"", ""Bishop of Poitiers"", ""Saint Hilary of Poitiers"", ""Saint Hilary"", ""Hilarius Pictaviensis""]","[""Saint Hilaire de Poitiers"", ""Saint-Hilaire de Poitiers""]","[""Sanctus Hilarius""]","[""Latin""]"
Ennius,Ennius,Quintus Ennius,Q47130,"Ennius, Quintus",84976347,39,35,"[""Quintus Ennius"", ""Ennio"", ""Quinto Ennio""]","[""Quintus Ennius"", ""Ennio"", ""Quinto Ennio""]","[""Q. Ennius"", ""Ennius"", ""Ennius Poeta""]","[""Latin""]"
Lucretius,Lucrèce,Lucretius,Q47154,"Lucretius, Titus Carus",106388020,631,301,"[""Titus Lucretius Carus"", ""T. Lucretius Carus"", ""Titus Carus Lucretius""]",[],"[""Titus Lucretius Carus"", ""T.Lucretius Carus"", ""Lucretius Carus Poeta""]","[""Latin""]"
Plautus,Plaute,Titus Maccius Plautus,Q47160,Plautus,66462281,617,306,"[""Titus Maccius Plautus""]","[""Plautus""]","[""T. Maccius Plautus"", ""Plautus"", ""Plautus Comicus""]","[""Latin""]"
Chariton,Chariton d'Aphrodise,Charito Aphrodisiensis,Q434567,Chariton Aphrodisiensis,27062313,11,11,"[""Chariton of Aphrodisias""]","[""Chariton d'Aphrodisias"", ""Chariton d'Aphrodisie""]","[""Chariton scriptor eroticus""]","[""Ancient Greek""]"
Hesychius of Alexandria,Hésychios d'Alexandrie,Hesychius Alexandrinus,Q443510,Hesychius of Alexandria,21314508,49,44,"[""Hesychius"", ""Hesychios"", ""Hesych"", ""H\u0113sychios""]","[""Hesychios d'Alexandrie""]","[""Hesychius Lexicographus"", ""Hesychius Grammaticus""]","[""Ancient Greek""]"
Antoninus Liberalis,Antoninus Liberalis,Antoninus Liberalis,Q443765,Antoninus Liberalis,251871635,32,27,[],[],[],"[""Ancient Greek""]"
Artemidorus,Artémidore de Daldis,Artemidorus Daldianus,Q445848,Artemidorus Daldianus,61683125,26,25,[],"[""Art\u00e9midore d'\u00c9ph\u00e8se""]",[],"[""Ancient Greek""]"
Scylax of Caryanda,Scylax de Caryanda,Scylax Caryandensis,Q453311,pseudo-Scylax of Caryanda,291988135,14,13,[],[],"[""Scylax"", ""Scylax Periegeta""]","[""Ancient Greek""]"
Maximus of Tyre,Maxime de Tyr,Maximus Tyrius,Q456649,Maximus of Tyre,100903442,81,72,[],"[""Cassius Maximus Tyrius""]","[""Maximus Philosophus"", ""Maximus Tyrius Philosophus"", ""Maximus Sophista""]","[""Ancient Greek""]"
Bion of Smyrna,Bion de Smyrne,Bion Smyrnaeus,Q463364,Bion of Smyrna,7476159477558427990005,94,73,"[""Bion of Phlossa"", ""Bion"", ""of Phlossa near Smyrna"", ""of Phlossa"", ""of Smyrna"", ""Bion of Phlossa near Smyrna""]","[""Bion de Phlossa""]","[""Bion Bucolicus""]","[""Ancient Greek""]"
Xenophon of Ephesus,Xénophon d'Éphèse,Xenophon Ephesius,Q463564,Xenophon of Ephesus,83987541,16,15,[],"[""X\u00e9nophon le Jeune"", ""Xenophon d'Ephese""]","[""Xenophon Ephesius Scriptor eroticus"", ""Xenophon Scriptor eroticus"", ""Xenophon Ephesinus""]","[""Ancient Greek""]"
Apollonius Dyscolus,Apollonios Dyscole,Apollonius Dyscolus,Q472809,Apollonius Dyscolus,111130260,8,8,[],[],[],"[""Ancient Greek""]"
Polyaenus,Polyen,Polyaenus,Q537755,Polyaenus,15564840,40,39,"[""Poly\u00e6nus""]",[],"[""Polyaenus Macedo"", ""Polyaenus Rhetor""]","[""Ancient Greek""]"
Philemon,Philémon,Philemon,Q547681,Philemon Syracusanus,231019921,47,39,"[""Philemon of Syracuse""]",[],"[""Philemon Syracusanus"", ""Philemon Comicus""]","[""Ancient Greek""]"
Julius Pollux,Julius Pollux,Iulius Pollux,Q548104,"Pollux, Julius",2991030,72,60,"[""Pollux"", ""Iulius Pollux""]",[],"[""Julius Pollux"", ""Iulius Pollux Grammaticus"", ""Pollux Naucratites"", ""Iulius Pollux Naucraticus"", ""Juliux Pollux Grammaticus"", ""Pollux Grammaticus""]","[""Ancient Greek""]"
Hephaestion,Héphestion d'Alexandrie,Hephaestion,Q549010,Hephaestion Alexandrinus,265864593,8,7,"[""Hephaestio"", ""Hephaistion"", ""Hephaestion of Alexandria""]",[],"[""Hephaestion Alexandrinus"", ""Hephaestion Grammaticus""]","[""Ancient Greek""]"
Procopius of Gaza,Procope de Gaza,Procopius Gazaeus,Q557776,Procopius of Gaza,48159479,10,10,"[""Prokopios of Gaza""]",[],"[""Procopius Scriptor ecclesiasticus"", ""Procopius Rhetor""]","[""Ancient Greek""]"
Palaephatus,Paléphate,Palaephatus,Q580565,Palaephatus,100181721,30,28,[],"[""Palaephatus"", ""Palaiphatos"", ""Pala\u00e9phate""]","[""Palaephatus Mythographus""]","[""Ancient Greek""]"
Jamblichus,Jamblique,Iamblichus,Q666210,Iamblichus,41992412,123,86,"[""Iamblichus"", ""Iamblichos""]","[""Jamblique le Syrien""]","[""Iamblichus Syrus""]","[""Ancient Greek""]"
Philostratus of Lemnos,Philostrate de Lemnos,Philostratus Lemnius,Q691292,Philostratus the Elder,72203785,42,37,"[""Philostratus the Elder""]","[""Philostrate l'Ancien""]","[""Philostratus Maior Sophista"", ""Philostratus Major Sophista"", ""Philostratus Lemnius Sophista""]","[""Ancient Greek""]"
Theon of Smyrna,Théon de Smyrne,Theon Smyrnaeus,Q705950,Theon of Smyrna,56588190,8,8,[],"[""Theon de Smyrne"", ""Theon of Smyrna""]","[""Theon of Smyrna"", ""Theon Philosophus""]","[""Ancient Greek""]"
Isidore of Pelusium,Isidore de Péluse,Isidorus Pelusiota,Q713530,Isidore of Pelusium (saint),63872189,20,20,[],"[""Isidoros de P\u00e9luse"", ""Isidore de Peluse""]",[],"[""Ancient Greek""]"
Harpocration,Harpocration,Harpocration,Q721412,"Harpocration, Valerius",211435698,50,39,"[""Valerius Harpocration""]","[""Valerius Harpocration""]","[""Harpocration Grammaticus"", ""Valerius Harpocration""]","[""Ancient Greek""]"
Alcinous,Alcinoos,Alcinous,Q936686,Alcinous,301986016,8,8,"[""Alkinoos"", ""Alkinous""]","[""Alcinoos le Philosophe"", ""Alcinous le Sto\u00efcien""]","[""Alcinous Platonicus"", ""Alcinous Philosophus""]","[""Ancient Greek""]"
Oribasius,Oribase,Oribasius,Q953784,Oribasius,7440344,22,18,"[""Oribasius of Pergamum""]","[""Oreibasios de Pergame""]","[""Oribasius Medicus""]","[""Ancient Greek""]"
Moschus,Moschos,Moschus,Q957548,Moschus,299323588,103,74,"[""Moschus of Syracuse"", ""Moschos of Syracuse""]","[""Moschos de Syracuse""]","[""Moschus Bucolicus"", ""Moschus Syracusanus""]","[""Ancient Greek""]"
Nemesius,Némésios,Nemesius Emesenus,Q960345,Nemesius of Emesa (bishop),42630277,28,27,"[""Nemesius of Emesa"", ""Nemesius Emesenus""]","[""Nemesius"", ""N\u00e9m\u00e9sius d'Em\u00e8se"", ""N\u00e9m\u00e9sius""]","[""Nemesius"", ""Nemesius Theologus""]","[""Ancient Greek""]"
Philostratus the Younger,Philostrate le Jeune,Philostratus IV,Q1231472,Philostratus the Younger,14850802,35,31,"[""Philostratus IV"", ""Philostratus of Lemnos""]",[],"[""Philostratus Junior Sophista"", ""Philostratus Iunior Sophista""]","[""Ancient Greek""]"
Hesychius of Jerusalem,Hésychios de Jérusalem,Hesychius Hierosolymitanus,Q1616094,Hesychius of Jerusalem,262453640,3,3,[],[],"[""Hesychius Hierosolymitanus Presbyter""]","[""Ancient Greek""]"
Coluthus,Coluthos,Colluthus,Q1779484,Colluthus,62351876,15,13,"[""Colluthus"", ""Colluthus of Lycopolis""]","[""Colouthos"", ""Colluthos""]","[""Coluthus"", ""Colluthus Epicus"", ""Colluthus Lycopolitanus""]","[""Ancient Greek""]"
Philostratus,Philostrate d'Athènes,Philostratus Atheniensis,Q2274948,Philostratus (Flavius),250889454,98,80,"[""Philostratus Atheniensis"", ""Lucius Flavius Philostratus"", ""Philostratus the Athenian""]","[""Philostrate l'Athenien"", ""Philostrate"", ""Philostrate l'Ath\u00e9nien""]","[""Flavius Philostratus"", ""Flavius Philostratus Atheniensis"", ""Flavius Philostratus Sophista""]","[""Ancient Greek""]"
Aphthonius of Antioch,Aphthonios,Aphthonius Antiochenus,Q4441106,Aphthonius of Antioch,265112315,84,62,"[""Aphthonius""]",[],"[""Aphthonius Rhetor"", ""Aphthonius""]","[""Ancient Greek""]"
Symeon of Mesopotamia,Syméon de Mésopotamie,Symeon Mesopotamius,Q9348898,Macarius of Egypt (saint),93095832,24,23,[],[],"[""Symeon Mesopotamiae""]","[""Ancient Greek""]"
Pseudo-Nonnus,Pseudo-Nonnos,Pseudo-Nonnus,Q24962922,Nonnus of Panopolis,61564416,54,40,[],[],"[""Nonnus Abbas""]","[""Ancient Greek""]"
Hippocrates,Hippocrate,Hippocrates,Q5264,Hippocrates of Kos,287984736,703,197,"[""Hippokrates of Kos"", ""Hippocrates II"", ""Hippokrates"", ""Hippocrates of Cos""]",[],"[""Hippocrates Medicus"", ""Hippocrates Cous""]","[""Ancient Greek""]"
Sophocles,Sophocle,Sophocles,Q7235,Sophocles,101760867,434,210,[],[],"[""Sophocles tragicus"", ""Sophocles Tragicus""]","[""Ancient Greek""]"
Archimedes,Archimède,Archimedes,Q8739,Archimedes of Syracuse,29547910,62,48,"[""Archimedes of Syracuse""]","[""Archim\u00e8de de Syracuse""]",[],"[""Ancient Greek""]"
Galen,Claude Galien,Claudius Galenus,Q8778,"Galen, Claudius",44299175,150,82,"[""Galen of Pergamon"", ""Aelius Galenus"", ""Claudius Galenus""]","[""Galien"", ""Claudius Galenus""]","[""Galenus Medicus"", ""Galenus Pergamenus"", ""Galenus""]","[""Ancient Greek""]"
Sappho,Sappho,Sappho,Q17892,Sappho,78770488,155,115,"[""Sapphus"", ""Psappho"", ""Sapho""]","[""Sapho""]","[""Sappho Poeta"", ""Sappho Lyrica"", ""Sappho Lesbia""]","[""Ancient Greek""]"
Arrian,Arrien,Lucius Flavius Arrianus,Q31845,Arrian of Nicomedia,100192636,202,139,"[""Arrian of Nicomedia"", ""Lucius Flavius Arrianus"", ""Flavius Arrian""]","[""Arrien de Nicom\u00e9die""]","[""Arrianus Nicomediensis"", ""Arrianus Bithynius"", ""Flavius Arrianus"", ""Arrianus Historicus"", ""Arrianus""]","[""Ancient Greek""]"
Julian,Julien,Flavius Claudius Iulianus,Q33941,Julian (emperor),57406701,125,105,"[""Julianus II"", ""Flavius Claudius Iulianus"", ""Julian the Apostate"", ""Julian III"", ""Julian II"", ""Julianus III"", ""Flavius Claudius Julianus""]","[""Julien l'apostat"", ""Julien le philosophe"", ""Julien II dit l'Apostat"", ""Julien II"", ""Julien l\u2019Apostat"", ""Flavius Claudius Julianus""]","[""Iulianus Apostata"", ""Julianus Apostata"", ""Flavius Claudius Julianus"", ""Iulianus II"", ""Iulianus"", ""Iulianus Pius"", ""Iulianus Imperator""]","[""Ancient Greek""]"
Plutarch,Plutarque,Plutarchus,Q41523,Plutarch,268955446,841,381,"[""Ploutarchos"", ""Plutarch of Chaeronea"", ""Plutarchos"", ""Lucius Mestrius Plutarchus"", ""Plutarchus""]","[""Plutarque de Ch\u00e9ron\u00e9e""]","[""Plutarchus Philosophus"", ""Plutarchus Chaeronensis"", ""Plutarchus Biographus"", ""L. Mestrius Plutarchus""]","[""Ancient Greek""]"
Democritus,Démocrite,Democritus,Q41980,Democritus,49224361,1,1,"[""Democritus of Abdera"", ""Laughing Philosopher"", ""Demokritos""]","[""D\u00e9mocrite d'Abd\u00e8re"", ""Democritus""]","[""Democritus Philosophus"", ""Democritus Abderita""]","[""Ancient Greek""]"
Epicurus,Épicure,Epicurus,Q43216,Epicurus,1763151778254618130009,31,30,"[""Ep\u00edkouros"", ""Epikouros""]","[""Epicurus"", ""Epicure""]","[""Epicurus Philosophus"", ""Epicurus Samius""]","[""Ancient Greek""]"
Aristophanes,Aristophane,Aristophanes,Q43353,Aristophanes,20962036,389,215,"[""Father of Comedy""]",[],"[""Aristophanes Comicus""]","[""Ancient Greek""]"
Aesop,Ésope,Aesopus,Q43423,Aesop,64013451,343,217,"[""Aesopus"", ""\u00c6\u017fop"", ""\u00c6sop"", ""Esop"", ""E\u017fope""]","[""Aesopus"", ""Esope""]","[""Aesopus Scriptor fabularum""]","[""Ancient Greek""]"
Gregory of Nazianzus,Grégoire de Nazianze,Gregorius Nazianzenus,Q44011,Gregory of Nazianzus,108675755,108,86,"[""Gregorius Nazianzenus"", ""Grigorios Nazianzenos"", ""St. Gregory of Nazianzus"", ""St. Gregory Nazianzen"", ""Gregory the Theologian"", ""Gregory Nazianzen""]","[""Gregoire de Nazianze"", ""Gr\u00e9goire le Th\u00e9ologien"", ""Gr\u00e9goire de Naziance"", ""Saint Gr\u00e9goire de Nazianze""]","[""Gregorius Nazianzenus Theologus"", ""Gregorius Theologus""]","[""Ancient Greek""]"
Cyril of Alexandria,Cyrille d'Alexandrie,Cyrillus Alexandrinus,Q44079,Cyril of Alexandria (saint),190218431,32,25,"[""Doctor of the Incarnation"", ""Cyrillus Alexandrinus""]","[""Cyrille""]",[],"[""Ancient Greek""]"
Ignatius of Antioch,Ignace,Ignatius Antiochenus,Q44170,Ignatius of Antioch (saint),267432724,78,54,"[""Ignatius Antiochenus"", ""St. Ignatius"", ""Saint Ignatius of Antioch""]","[""Ignace d\u2019Antioche"", ""Saint Ignace d'Antioche""]","[""Ignatius Antiochensis""]","[""Ancient Greek""]"
Basil of Caesarea,Basile de Césarée,Basilius Caesariensis,Q44258,Basil of Caesarea,88967224,82,66,"[""Basilius Magnus"", ""Saint Basil the Great"", ""St. Basil The Great""]","[""Saint Basile de C\u00e9sar\u00e9e"", ""Saint Basile le Grand"", ""Basile de Cesaree"", ""Basile Le Grand""]","[""Basilius Magnus""]","[""Ancient Greek""]"
Strabo,Strabon,Strabo,Q45936,Strabo,100219883,132,114,"[""Strabo of Amaseia""]","[""Strabon d\u2019Amas\u00e9e""]","[""Strabo Geographus"", ""Strabo Amasiotes""]","[""Ancient Greek""]"
Euripides,Euripide,Euripides,Q48305,Euripides,9553153063127619320004,342,181,[],[],"[""Euripides Tragicus""]","[""Ancient Greek""]"
Diogenes Laërtius,Diogène Laërce,Diogenes Laertius,Q59138,Diogenes Laërtius,41839141,220,162,"[""Diogenes Laertius""]","[""Diog\u00e8ne de La\u00ebrte"", ""Diog\u00e8ne de Laerte"", ""Diogene Laerce"", ""Diog\u00e8ne Laerce"", ""Diogenes Laertius"", ""Diog\u00e8ne de La\u00ebrt\u00e8s""]","[""Diogenes Laertios"", ""Diogenes La\u00ebrtius"", ""Diogenes Laertius Biographus""]","[""Ancient Greek""]"
Ephrem the Syrian,Éphrem le Syriaque,Ephraem Syrus,Q200608,Ephrem the Syrian,100177778,6,5,"[""Ephraim the Syrian"", ""Ephraem Syrus""]","[""Ephraem le Syrien"", ""\u00c9phrem le Syrien"", ""Ephrem le Syrien"", ""Saint Ephrem le Syrien"", ""\u00c9phrem de Nisibe"", ""\u00c9phr\u00e8me le Syrien""]","[""Ephraem Graecus""]","[""Syriac""]"
Demosthenes,Démosthène,Demosthenes,Q117253,Demosthenes,268302412,449,212,"[""Dimosthenis""]",[],"[""Demosthenes Atheniensis"", ""Demosthenes Orator""]","[""Ancient Greek""]"
Xenophon,Xénophon,Xenophon,Q129772,Xenophon of Athens,89597697,569,270,"[""Xenophon of Athens""]","[""Xenophon""]","[""Xenophon Historicus"", ""Xenophon Atheniensis""]","[""Ancient Greek""]"
Polybius,Polybe,Polybius,Q131169,Polybius,18152380130901762264,284,196,"[""Polybius of Megalopolis""]","[""Pol\u00fabios"", ""Polybius""]","[""Polybius Historicus"", ""Polybius Megalopolitanus""]","[""Ancient Greek""]"
Plotinus,Plotin,Plotinus,Q134189,Plotinus,108386765,27,25,"[""Plotinos""]",[],"[""Plotinus Lycopolitanus"", ""Plotinus Philosophus""]","[""Ancient Greek""]"
Josephus,Flavius Josèphe,Flavius Iosephus,Q134461,"Josephus, Flavius",22143666,618,388,"[""Flavius Iosephus"", ""Flavius Josephus"", ""Joseph ben Matityahu"", ""Titus Flavius Josephus""]","[""Titus-Flauius Josephus"", ""Titus Flauius Josephus"", ""Titus-Flavius Jos\u00e8phe"", ""Jos\u00e8phe ben Mattatias"", ""Josephus"", ""Titus Flavius Jos\u00e8phe"", ""Flavius Josephe"", ""Yossef ben Matityahou""]","[""Iosephus Historicus"", ""Flavius Josephus"", ""Josephus Historicus""]","[""Ancient Greek""]"
Pindar,Pindare,Pindarus,Q134929,Pindar,100181310,317,164,"[""Pindaros"", ""Pindarus"", ""Dirc\u00e6an Swan""]",[],"[""Pindarus Poeta"", ""Pindarus Boeotus"", ""Pindarus Lyricus""]","[""Ancient Greek""]"
Aeneas of Gaza,Énée de Gaza,Aeneas Gazaeus,Q137152,Aeneas of Gaza,85151247927244270006,3,3,[],[],"[""Aeneas Rhetor"", ""Aeneas Philosophus""]","[""Ancient Greek""]"
Theophrastus,Théophraste,Theophrastus,Q160362,Theophrastus,265397758,419,268,"[""Theophrastus of Eresos"", ""Theophr.""]","[""Theophraste"", ""Theophrastus"", ""Th\u00e9ophraste d'Ath\u00e8nes"", ""Theophr.""]","[""Theophrastus Philosophus"", ""Tyrtamus"", ""Theophrastus Eresius""]","[""Ancient Greek""]"
Hero of Alexandria,Héron d'Alexandrie,Heron Alexandrinus,Q161853,Heron of Alexandria,50151776733818010028,16,13,"[""Hero""]","[""Heron d'Alexandrie"", ""H\u00e9ron d\u2019Alexandrie"", ""H\u00e9ron l'Ancien""]","[""Hero Mechanicus"", ""Hero Alexandrinus"", ""Heron Mechanicus""]","[""Ancient Greek""]"
Diodorus Siculus,Diodore de Sicile,Diodorus Siculus,Q171241,Diodorus Siculus,56608763,192,147,"[""Diodoros of Sicily"", ""Diodorus"", ""Diodoros"", ""Diodorus of Sicily""]","[""Diodorus Siculus""]","[""Diodorus"", ""Diodorus Siculus Historicus""]","[""Ancient Greek""]"
Lucian of Samosata,Lucien de Samosate,Lucianus Samosatensis,Q177847,Lucian of Samosata,100218901,525,292,"[""Lucian"", ""Lucianus"", ""Loukianos"", ""Lucianus Samosatenus""]",[],"[""Lucianus Sophista"", ""Lucianus""]","[""Ancient Greek""]"
Aratus,Aratos de Soles,Aratus Solensis,Q180671,Aratus Solaeus,100908520,34,25,"[""Aratus of Soli""]","[""Aratus de Soli"", ""Aratus"", ""Aratos""]","[""Aratus""]","[""Ancient Greek""]"
Irenaeus,Irénée de Lyon,Irenaeus,Q182123,Iranaeus of Lyon (saint),70051641,6,6,"[""Iren\u00e6us"", ""Irenaeus of Lyon""]","[""Iranaeus"", ""Irenee de Lyon"", ""Saint Ir\u00e9n\u00e9e de Lyon"", ""Irenaeus""]","[""Irenaeus Lugdunensis"", ""Sanctus Irenaeus"", ""Irenaeus Theologus""]","[""Ancient Greek""]"
Epictetus,Épictète,Epictetus,Q183144,Epictetus,100218891,436,240,"[""Epiktetos"", ""Epictetus of Hierapolis""]","[""Epictete"", ""Epict\u00e8te""]","[""Epictetus Hierapolitanus"", ""Epictetus Philosophus""]","[""Ancient Greek""]"
Justin Martyr,Justin de Naplouse,Iustinus Martyr,Q185117,Justin Martyr (saint),88878069,155,118,"[""Justin the Philosopher"", ""Saint Justin"", ""Justin"", ""Iustinus Martyr"", ""St. Justin""]","[""Justin le Martyr"", ""Justin martyr""]",[],"[""Ancient Greek""]"
Cassius Dio,Dion Cassius,Cassius Dio,Q185223,Cassius Dio,95167625,162,118,"[""Dion Cassius"", ""Dio Cassius""]","[""Cassius Dion"", ""Cassius Dio"", ""Dio Cassius""]","[""Cassius Dio Cocceianus"", ""Dio Cassius Historicus"", ""Cassius Dio Historicus"", ""Dio Cassius"", ""Lucius Cassius Dio Cocceianus""]","[""Ancient Greek""]"
Procopius,Procope de Césarée,Procopius,Q186153,Procopius of Caesarea,100172302,82,67,"[""Procopius of Caesarea""]","[""Procope de Cesaree""]","[""Procopius Caesarensis"", ""Procopius Historicus""]","[""Ancient Greek""]"
Philo of Alexandria,Philon d’Alexandrie,Philo Alexandrinus,Q189597,Philo Judaeus,307158263,106,91,"[""Philo Alexandrinus"", ""Philio Jud\u00e6us"", ""Philo Judeaus"", ""Philio Alexandrinus"", ""Philio of Alexandria"", ""Philo the Jew"", ""Philo Jud\u00e6us"", ""Philo""]","[""Philo Judaeus"", ""Philon d'Alexandrie""]","[""Philo Iudaeus"", ""Philo Judaeus"", ""Philo Philosophus""]","[""Ancient Greek""]"
Appian,Appien,Appianus Alexandrinus,Q190368,Appian of Alexandria,100191271,196,146,"[""Appianus Alexandrinus"", ""Appianus of Alexandria"", ""Alexandreos"", ""Appian of Alexandria"", ""Appian\u00f2s Alexandre\u00fas""]","[""Appian"", ""Appien d'Alexandrie""]","[""Appianus""]","[""Ancient Greek""]"
Gregory of Nyssa,Grégoire de Nysse,Gregorius Nyssenus,Q191734,Gregory of Nyssa (saint),103646160,47,36,"[""Gregorius"", ""St. Gregory of Nyssa"", ""Gregorius Nyssenus""]","[""Gr\u00e9goire de Nic\u00e9e"", ""Saint Gr\u00e9goire de Nysse"", ""Gregoire de Nysse"", ""saint Gr\u00e9goire de Nysse""]",[],"[""Ancient Greek""]"
Polycarp,Polycarpe de Smyrne,Polycarpus Smyrnaeus,Q192371,Polycarp (saint),2475604,18,18,"[""Polycarp of Smyrna"", ""Bishop Polycarp"", ""Bishop Polycarp of Smyrna""]","[""saint Polycarpe de Smyrne""]","[""Polycarpus Smyrnensis""]","[""Ancient Greek""]"
Apollonius of Rhodes,Apollonios de Rhodes,Apollonius Rhodius,Q192638,Apollonius of Rhodes,100175273,97,70,"[""Apollonius Rhodius""]","[""Apollonius de Rhodes""]","[""Apollonius Rhodius Epicus""]","[""Ancient Greek""]"
Pausanias,Pausanias le Périégète,Pausanias,Q192931,Pausanias,77132959,157,130,"[""Pausanias Periegetes""]","[""Pausanias"", ""Pausanias le Periegete""]","[""Pausanias Periegeta"", ""Pausanias Periegetes"", ""Pausanias Cappadocius""]","[""Ancient Greek""]"
Isocrates,Isocrate,Isocrates,Q221182,Isocrates,36926979,245,156,"[""Isokrates"", ""Isokrat\u0113s""]","[""Isocrates""]","[""Isocrates Atheniensis"", ""Isocrates Orator""]","[""Ancient Greek""]"
Sextus Empiricus,Sextus Empiricus,Sextus Empiricus,Q236594,Sextus Empiricus,60320706,54,51,[],[],"[""Sextus Empiricus Philosophus""]","[""Ancient Greek""]"
Corinna,Corinne,Corinna,Q241132,Corinna,7407161332389852420005,7,7,"[""Corinna of Tanagra""]","[""Corinna""]","[""Corinna Lyrica"", ""Corinna Tanagraea""]","[""Ancient Greek""]"
Proclus,Proclus,Proclus,Q271809,Proclus,102369543,66,44,"[""Proclus Lycaeus""]","[""Proklos"", ""Proclos"", ""Proclus Diadochus""]","[""Proclus Lycius"", ""Proclus Atheniensis"", ""Proclus Philosophus"", ""Proclus Diadochus""]","[""Ancient Greek""]"
Praxilla,Praxilla,Praxilla,Q278711,Praxilla of Sicyon,44692841,6,6,[],"[""Praxilla de Sicyone""]","[""Praxilla Sicyonia"", ""Praxilla Lyrica"", ""Praxilla Poeta""]","[""Ancient Greek""]"
Athenaeus,Athénée,Athenaeus Naucratites,Q294923,Athenaeus of Naucratis,307168041,106,91,"[""Athenaeus of Naucratis"", ""Athen\u00e6us""]","[""Athenee"", ""Ath\u00e9n\u00e9e de Naucratis"", ""Athenaeus"", ""Ath\u00e9naios""]","[""Athenaeus Sophista"", ""Athenaeus Naucratita"", ""Athenaeus""]","[""Ancient Greek""]"
Pedanius Dioscorides,Dioscoride,Dioscorides,Q297776,Pedanius Dioscorides,78822798,80,62,"[""Dioscorides""]","[""\u0394\u03b9\u03bf\u03c3\u03ba\u03bf\u03c5\u03c1\u03af\u03b4\u03b7\u03c2 \u03bf \u03a0\u03b5\u03b4\u03ac\u03bd\u03b9\u03bf\u03c2"", ""Pedanius Dioscorides"", ""\u0394\u03b9\u03bf\u03c3\u03ba\u03bf\u03c1\u03af\u03b4\u03b7\u03c2 Dioskorid\u00eas"", ""Dioscorides""]","[""Dioscorides Pedanius"", ""Pedanius Dioscorides"", ""Dioscurides"", ""Dioscorides Medicus""]","[""Ancient Greek""]"
Cyril of Jerusalem,Cyrille de Jérusalem,Cyrillus Hierosolymitanus,Q298654,Cyril of Jerusalem (saint),2437490,36,31,[],"[""Cyrille de Jerusalem""]","[""Cyrillus Hierosolymitanus"", ""Sanctus""]","[""Ancient Greek""]"
Athenagoras of Athens,Athénagoras d'Athènes,Athenagoras Atheniensis,Q309772,Athenagoras of Athens,106097488,45,35,"[""Saint Athenagoras of Athens"", ""Saint Athenagoras the Apologist"", ""Athenagoras""]","[""Ath\u00e9nagore d'Ath\u00e8nes"", ""Athenagoras d'Ath\u00e9nes"", ""Athenagoras d'Athenes""]","[""Athenagoras Apologeta""]","[""Ancient Greek""]"
Lysias,Lysias,Lysias,Q310164,Lysias,183417170,44,35,[],[],"[""Lysias Atheniensis"", ""Lysias Orator""]","[""Ancient Greek""]"
Herodian,Hérodien,Herodianus,Q313056,Herodian of Antioch,87614586,209,154,"[""Herodianus""]","[""Herodien""]","[""Herodianus Historicus"", ""Herodianus Syrus""]","[""Ancient Greek""]"
Demetrius of Phalerum,Démétrios de Phalère,Demetrius Phalereus,Q313286,Demetrius Phalereus,22955539,16,15,"[""Demetrius of Phaleron"", ""Demetrius Phalereus""]","[""D\u00e9m\u00e9trius de Phal\u00e8re"", ""Demetrios de Phalere""]","[""Demetrius Philosophus"", ""Demetrius Historicus""]","[""Ancient Greek""]"
Aelian,Claude Élien,Claudius Aelianus,Q313782,"Aelian, Claudius",306342544,241,159,"[""Ailianos"", ""Claudius \u00c6lianus"", ""Claudius Aelianus"", ""\u00c6lian""]","[""\u00c6lianus"", ""Claudius Aelianus"", ""\u00c9lien le Sophiste"", ""\u00c6lien""]","[""Aelianus""]","[""Ancient Greek""]"
Epiphanius of Salamis,Épiphane de Salamine,Epiphanius,Q313922,Epiphanius (Saint),13651211,23,22,"[""Epiphanius of Constantia"", ""Epiphanius"", ""St. Epiphanius""]","[""Epiphane de Salamine"", ""Saint \u00c9piphane de Salamine""]","[""Epiphanius Cyprius"", ""Epiphanius Salamiensis"", ""Epiphanius Salaminis episcopus"", ""Epiphanius Constantiensis"", ""Epiphanius Constantiae""]","[""Ancient Greek""]"
Theodoret,Théodoret de Cyr,Theodoretus,Q317029,Theodoretus of Cyrrha,77111352,99,71,"[""Theodoret of Cyrrhus""]","[""Theodoret"", ""Th\u00e9odoret"", ""Theodoret de Cyr""]","[""Theodoretus Cyrrhensis"", ""Theodoretus Scriptor ecclesiasticus"", ""Theodoretus Theologus""]","[""Ancient Greek""]"
Aeschines,Eschine,Aeschines,Q317089,Aeschines,161234357,188,116,"[""\u00c6schines""]",[],"[""Aeschines Atheniensis"", ""\u00c6schines"", ""Aeschines Orator""]","[""Ancient Greek""]"
Dio Chrysostom,Dion de Pruse,Dio Chrysostomus,Q334457,Dio Chrysostom,100906841,35,33,"[""Dio of Prusa"", ""Dio Cocceianus""]","[""Dion Chrysostome"", ""Dion Chrysost\u00f4me""]","[""Dio Prusaensis"", ""Dio Prusaeus"", ""Dio Chrysostomus Sophista""]","[""Ancient Greek""]"
Gregory Thaumaturgus,Grégoire le Thaumaturge,Gregorius Neocaesariensis,Q337537,Gregory Thaumaturgus (saint),88726043,9,9,"[""Saint Gregory of Neocaesarea"", ""St. Gregory Thaumaturgus""]",[],"[""Gregorius Thaumaturgus Neocaesariensis"", ""Gregorius Thaumaturgus""]","[""Ancient Greek""]"
Eunapius,Eunape,Eunapius,Q343018,Eunapius,100215825,18,16,[],"[""Eunapius"", ""Eunape de Sardes""]","[""Eunapius Historicus"", ""Eunapius Philosophus"", ""Eunapius Sardianus""]","[""Ancient Greek""]"
Themistius,Thémistios,Themistius,Q365183,Themistius,100219934,44,37,[],"[""Th\u00e9mistius"", ""Themistius""]","[""Themistius Euphrades"", ""Themistius Rhetor"", ""Themistius Constantinopolitanus"", ""Themistius Philosophus""]","[""Ancient Greek""]"
Apollinaris of Laodicea,Apollinaire de Laodicée,Apollinaris Laodicensis,Q367946,Apollinaris of Laodicea,261762494,19,18,"[""Apollinaris"", ""Apollinarius of Laodicea""]","[""Apollinaire de Laodicee""]","[""Apollinarius Laodicensis""]","[""Ancient Greek""]"
Onasander,Onosandre,Onasander,Q373042,Onosander,285771738,6,6,[],"[""Onosander""]","[""Onesander Tacticus""]","[""Ancient Greek""]"
Aelianus Tacticus,Élien le Tacticien,Aelianus Tacticus,Q380793,Aelianus Tacticus,72639048,26,24,[],"[""\u00c9lien l'A\u00een\u00e9"", ""\u00c9lien""]",[],"[""Ancient Greek""]"
Aelius Herodianus,Aelius Herodianus,Aelius Herodianus,Q380826,Aelius Herodianus (grammarian),88626271,6,6,"[""Herodian""]","[""H\u00e9rodien d'Alexandrie"", ""H\u00e9rodien""]","[""Herodianus Grammaticus"", ""Aelius Herodianus Technicus"", ""Herodianus Alexandrinus""]","[""Ancient Greek""]"
Philostorgius,Philostorge,Philostorgius,Q380943,Philostorgius,88747658,18,17,"[""Philostrogius""]","[""Philostorgios""]","[""Philostorgius Cappadox"", ""Philostrogius"", ""Philostorgius Scriptor ecclesiasticus""]","[""Ancient Greek""]"
Simplicius of Cilicia,Simplicius,Simplicius,Q351518,Simplicius of Cilicia,71399875,45,34,"[""Simplicius van Cilici\u00eb"", ""Simplicius""]","[""Simplicius van Cilici\u00eb"", ""Simplicios de Cilicie"", ""Simplicius de Cilicie"", ""Simplicios""]","[""Simplicius Neoplatonicus"", ""Simplicius Atheniensis"", ""Simplicius Cilicius"", ""Simplicius Philosophus"", ""Simplicius van Cilici\u00eb""]","[""Ancient Greek""]"
Quintus Smyrnaeus,Quintus de Smyrne,Quintus Smyrnaeus,Q352702,Quintus of Smyrna,822154381060730292426,3,3,"[""Quintus of Smyrna"", ""Kointos"", ""Quintus Calaber"", ""Quintus""]",[],"[""Quintus Poeta"", ""Quintus Epicus""]","[""Ancient Greek""]"
Quintus Smyrnaeus,Quintus de Smyrne,Quintus Smyrnaeus,Q352702,Quintus Calaber,76294608,32,27,"[""Quintus of Smyrna"", ""Kointos"", ""Quintus Calaber"", ""Quintus""]",[],"[""Quintus Poeta"", ""Quintus Epicus""]","[""Ancient Greek""]"
Sozomen,Sozomène,Sozomenus,Q354350,"Sozomenus, Hermias",305409681,50,48,"[""Hermias Sozomenus""]","[""Sozomen"", ""Sozomene""]","[""Sozomenus Scriptor ecclesiasticus"", ""Hermias Sozomenus"", ""Salaminius Hermias Sozomenus""]","[""Ancient Greek""]"
Synesius of Cyrene,Synésios de Cyrène,Synesius Cyrenaeus,Q357027,Synesius,102323982,37,32,"[""Synesius of Ptolemais"", ""Bishop of Ptolemais"", ""Synesius""]","[""Syn\u00e9sius de Cyr\u00e8ne"", ""Syn\u00e9sios"", ""Syn\u00e9sius"", ""Synesius"", ""Synesios de Cyrene""]","[""Synesius Cyrenensis"", ""Synesius""]","[""Ancient Greek""]"
Theophylact of Ohrid,Théophylacte d'Ohrid,Theophylactus Achridensis,Q1247278,Theophylact of Ohrid,69730041,69,47,[],"[""Th\u00e9ophylacte d'Achrida"", ""Th\u00e9ophylacte d'Ochrid"", ""Th\u00e9ophylacte de Bulgarie""]","[""Theophylactus Ochridensis"", ""Theophylactus Bulgarorum archiepiscopus"", ""Theophylactus Bulgarias"", ""Theophylactus de Achrida""]","[""Medieval Greek""]"
John the Lydian,Jean le Lydien,Ioannes Lydus,Q1389145,"Lydus, Johannes",109213110,1,1,"[""John Lydus"", ""Ioannes Laurentius Lydus""]","[""Jean Lydus""]","[""Iohannes Lydus"", ""Ioannes Laurentius Lydus""]","[""Medieval Greek""]"
Origen,Origène,Origenes,Q170472,Origen,95155322,182,115,"[""Origenes""]","[""Orig\u00e8ne d'Alexandrie"", ""Origene"", ""Orig\u00e8nes""]","[""Origenes Alexandrinus"", ""Origenes Adamantius"", ""Origenes Theologus""]","[""Koine Greek""]"
Zosimus,Zosime,Zosimus,Q226858,Zosimus,102333329,68,62,[],[],"[""Zosimus Costantinopolitanus"", ""Zosimus Historicus""]","[""Koine Greek""]"
Ulfilas,Wulfila,Ulfilas,Q107317,Ulfilas (bishop),66477200,3,1,"[""Ulphilas"", ""Orphila"", ""Wulfila""]","[""Ulfilas"", ""Ulphilas"", ""Ulfila""]","[""Ulfila"", ""Ulfila Episcopus""]",[]
Benedict of Nursia,Benoît de Nursie,Benedictus de Nursia,Q44265,Benedict of Nursia (saint),28147121748626392193,2,2,"[""Saint Benedict"", ""Saint Benedict of Nursia"", ""St. Benedict"", ""Bengt""]","[""Saint Beno\u00eet de Nursie"", ""Benoit de Nursie""]","[""Benedictus Casinensis Abbas"", ""Sanctus Benedictus"", ""Sanctus Benedictus de Nursia"", ""Benedictus Casinensis""]",[]
