english_label,french_label,latin_label,q_identifier,trismegistos_label,trismegistos_id,english_aliases,french_aliases,latin_aliases,writing_languages
Pliny the Elder,Pline l'Ancien,Gaius Plinius Secundus,Q82778,Plinius Maior,697,"[""the Elder Pliny"", ""Pliny"", ""C. Plinius Secundus"", ""Caius Plinius Secundus"", ""Gaius Plinius Secundus"", ""Gaius P. Secundus"", ""Caius P. Secundus"", ""Plinius""]","[""Gaius Plinius Secundus"", ""Caius Plinius Secundus""]","[""Plinius Maior"", ""Plinius senior"", ""Caius Plinius Secundus"", ""Plinius Major""]","[""Latin""]"
Boethius,Boèce,Anicius Manlius Torquatus Severinus Boethius,Q102851,Boethius,164,"[""Anicius Manlius Severinus Bo\u00ebthius"", ""Anicus Manlius Severinus Boethius"", ""Anicius Manlius Torquatus Severinus Boethius""]","[""Anicius Bo\u00e8ce"", ""S\u00e9verin Bo\u00e8ce"", ""Bo\u00ebce"", ""Anicius Manlius Severinus Boethius"", ""Boethius"", ""Boetius""]","[""Severinus Boethius"", ""Anicius Manlius Severinus Boethius"", ""Bo\u00ebthius"", ""Anicius Manlius Severinus Bo\u00ebthius"", ""Anicius Manlius Severinus Boetius"", ""Boethius"", ""Anicius Manlius Torquatus Severinus Bo\u00ebthius""]","[""Latin""]"
Cornelius Nepos,Cornélius Népos,Cornelius Nepos,Q109594,Cornelius Nepos,204,[],"[""Corn\u00e9lius Nepos"", ""Cornelius Nepos""]","[""Cornelius Nepos Historicus""]","[""Latin""]"
Tibullus,Tibulle,Albius Tibullus,Q109598,Tibullus,1275,"[""Tibullus Albius"", ""Albius Tibullus""]","[""Tibullus""]","[""Tibullus""]","[""Latin""]"
Paulinus of Nola,Paulin de Nole,Paulinus Nolanus,Q132473,Paulinus of Nola,632,"[""Paulinus Nolanus"", ""St. Paulinus of Nola""]",[],[],"[""Latin""]"
Bede,Bède le Vénérable,Beda,Q154938,Beda Venerabilis,158,"[""Beda"", ""Doctor Anglorum"", ""Bede the Venerable"", ""Bede le Venerable"", ""Venerable Bede"", ""Beda Anglicus"", ""Saint Bede"", ""Saint Bede the Venerable"", ""Doctor of the English""]","[""Bede le Venerable"", ""B\u00e8de"", ""Saint B\u00e8de le V\u00e9n\u00e9rable"", ""Beda Venerabilis""]","[""Sanctus"", ""Beda Venerabilis""]","[""Latin""]"
Catullus,Catulle,Gaius Valerius Catullus,Q163079,Catullus,175,"[""Caius Valerius Catullus"", ""Gaius Valerius Catullus""]","[""Caius Valerius Catullus"", ""Catullus""]","[""Caius Valerius Catullus"", ""Catullus""]","[""Latin""]"
Isidore of Seville,Isidore de Séville,Isidorus Hispalensis,Q166876,Isidorus of Sevilla,446,"[""St. Isidore"", ""Bishop of Seville"", ""Isidorus Hispalensis"", ""Isidor of Seville"", ""Saint Isidore of Seville""]","[""Isidoire de S\u00e9ville"", ""Saint Isidore de S\u00e9ville"", ""Isidore de Seville""]","[""Laus Hispaniae Isidori Hispaliensis"", ""Isidorus""]","[""Latin""]"
Pliny the Younger,Pline le Jeune,Gaius Plinius Caecilius Secundus,Q168707,Plinius the Younger,696,"[""the Younger Pliny"", ""Gaius Plinius Caecilius Secundus"", ""Gaius Caecilius Cilo"", ""C. Plinius Caecilius Secundus""]","[""Gaius Plinius Caecilius Secundus"", ""Caius Plinius Lucius filius Oufentina tribu Caecilius Secundus""]","[""C. Plinius Caecilius Secundus"", ""Caius Plinius Caecilius Secundus"", ""Plinius Minor""]","[""Latin""]"
Apuleius,Apulée,Lucius Apuleius,Q170512,Apuleius,97,"[""Lucius Apuleius""]","[""Apulee""]","[""Apuleius Madaurensis"", ""Apuleius"", ""Lucius Apuleius Madaurensis""]","[""Latin""]"
Terence,Térence,Publius Terentius Afer,Q172048,Terentius,906,"[""Publius Terentius Afer"", ""Terentius""]","[""Publius Terentius Afer"", ""Terence"", ""Terentius""]","[""P. Terentius Afer"", ""Terentius Comicus"", ""Terentius""]","[""Latin""]"
Ammianus Marcellinus,Ammien Marcellin,Ammianus Marcellinus,Q172198,Ammianus Marcellinus,47,"[""Ammianus""]","[""Ammianus Marcellinus"", ""Ammianus"", ""Amien Marcellin""]","[""Ammianus"", ""Ammianus Marcellinus Historicus""]","[""Latin""]"
Tertullian,Tertullien,Quintus Septimius Florens Tertullianus,Q174929,Tertullianus,907,"[""Quintus Septimius Florens Tertullianus""]","[""Quintus Septimus Florens Tertullianus""]","[""Tertullianus Scriptor ecclesiasticus"", ""Tertullianus"", ""Quintus Septimus Florens Tertullianus""]","[""Latin""]"
Cato the Elder,Caton l'Ancien,Marcus Porcius Cato maior,Q180081,Marcus Porcius Cato,4908,"[""Marcus Portius Cato"", ""Marcus Porcius Cato Major"", ""Cato Sapiens"", ""Marcus Porcius Catus"", ""Marcus Porcius Cato Sapiens"", ""Marcus Porcius Cato Maior"", ""Cato Major"", ""Marcus Porcius Cato"", ""Cato Censor""]","[""Marcus Porcius Cato Maior"", ""Caton le Censeur""]","[""M. Porcius Cato maior"", ""Cato Maior"", ""Marcus Cato"", ""Marcus Porcius Cato Censorius"", ""Marcus Porcius Catus"", ""Cato senior"", ""Marcus Porcius Cato"", ""Marcus Porcius Cato Censor"", ""Cato Censor""]","[""Latin""]"
Lucan,Lucain,Lucanus,Q188646,Lucanus,525,"[""Lucanus"", ""Marcus Annaeus Lucanus""]","[""Marcus Annaeus Lucanus""]","[""M. Annaeus Lucanus"", ""Lucanus Poeta"", ""Marcus Annaeus Lucanus""]","[""Latin""]"
Cyprian,Cyprien de Carthage,Cyprianus Carthaginiensis,Q190240,Cyprianus,210,"[""Cyprian of Carthage"", ""Cyprianus Carthaginiensis"", ""Saint Cyprian"", ""St. Cyprian""]","[""Saint Cyprien de Carthage""]","[""Sanctus Cyprianus"", ""Cyprianus Carthaginensis"", ""Thascius Caecilius Cyprianus""]","[""Latin""]"
Cassiodorus,Cassiodore,Cassiodorus,Q192365,Cassiodorus,171,"[""Flavius Magnus Aurelius Cassiodorus Senator""]","[""Cassiodorus""]","[""Cassiodorus Senator"", ""Flavius Magnus Aurelius Cassiodorus"", ""Flavius Magnus Aurelius Cassiodorus Senator""]","[""Latin""]"
Quintilian,Quintilien,Marcus Fabius Quintilianus,Q193769,Quintillianus,804,"[""Marcus Fabius Quintilian"", ""Marcus Fabius Quintilianus""]",[],"[""Quintilianus"", ""Quintilianus Rhetor""]","[""Latin""]"
Juvenal,Juvénal,Decimus Iunius Iuvenalis,Q193800,Iuvenalis,469,"[""Decimus Iunius Iuvenalis"", ""Decimus Junius Juvenalis""]","[""Juvenal""]","[""Iuvenalis"", ""Decimus Iunius Iuuenalis"", ""Juvenalis""]","[""Latin""]"
Porphyry,Porphyre de Tyr,Porphyrius Tyrius,Q203445,Porphyrios of Tyros,707,"[""Malchus"", ""Porphyry of Tyre""]",[],"[""Porphyrius Philosophus"", ""Malchus"", ""Porphyrius""]","[""Latin"", ""Ancient Greek""]"
Claudian,Claudien,Claudius Claudianus,Q205947,Claudianus,189,"[""Claudius Claudianus"", ""Claudius Claudianus of Alexandria"", ""Claudianus""]","[""Claudius Claudianus"", ""Claudius Claudianus d'Alexandrie""]","[""Claudianus"", ""Claudius Claudianus Alexandrinus""]","[""Latin"", ""Ancient Greek""]"
Marcus Terentius Varro,Varron,Marcus Terentius Varro,Q206119,Varro,953,"[""Marcus Terentius Varro Reatinus"", ""Varro Reatinus"", ""Varro""]","[""Marcus Terentius Varro""]","[""Marcus Terentius Varro Reatinus"", ""Varro Grammaticus"", ""Varro Reatinus""]","[""Latin""]"
Lactantius,Lactance,Lucius Caecilius Firmianus Lactantius,Q209102,Lactantius,508,"[""Lucius Caelius Firmianus Lactantius"", ""Lucius Caecilius Firmianus Lactantius""]","[""Lucius Caecilius Firmianus Lactantius""]","[""Lactantius"", ""Lactantius Firmianus"", ""Lucius Caecilius Firmanius Lactantius""]","[""Latin""]"
Justin,Justin,Marcus Iunianus Iustinus,Q210853,Iustinus,1060,"[""Marcus Junianus Justinus Frontinus"", ""Marcus Iunianus Iustinus Frontinus"", ""Marcus Junianus Justinus"", ""Marcus Iunianus Iustinus""]","[""Junianus Justinus""]","[""M. Iunianus Iustinus"", ""Iustinus"", ""Iunianus Iustinus""]","[""Latin""]"
Ausonius,Ausone,Decimus Magnus Ausonius,Q234593,Ausonius,140,"[""Decimus Magnus Ausonius""]",[],"[""Decimius Magnus Ausonius"", ""D. Magnus Ausonius Burdigalensis"", ""Ausonius""]","[""Latin""]"
Publius Papinius Statius,Stace,Publius Papinius Statius,Q243203,Statius,4842,"[""Statius""]","[""Stace"", ""Publius Papinius Statius""]","[""Statius Poeta"", ""Statius"", ""Papinius Statius""]","[""Latin""]"
Aelius Donatus,Aelius Donatus,Aelius Donatus,Q247137,Donatus,261,"[""Donatus""]","[""\u00c9lius Donat"", ""Aelius Donat""]","[""Donatus"", ""Donatus Grammaticus""]","[""Latin""]"
Seneca the Elder,Sénèque l'Ancien,Annaeus Seneca maior,Q273671,Seneca rhetor,835,"[""Annaeus Seneca maior"", ""Ann\u00e6us Seneca""]","[""Lucius Annaeus Seneca"", ""Seneque l'Ancien"", ""S\u00e9n\u00e8que le Rh\u00e9teur""]","[""Lucius Annaeus Seneca"", ""Seneca Maior"", ""Seneca Rhetor""]","[""Latin""]"
Aulus Gellius,Aulu-Gelle,Aulus Gellius,Q294800,Aulus Gellius,139,"[""Aulus Gellus"", ""Gellius"", ""Agellius""]","[""Aulu Gelle"", ""Aulus-Gellius"", ""Aulus Gellius""]","[""Gellius""]","[""Latin""]"
Gaius Lucilius,Lucilius,Gaius Lucilius,Q298729,Gaius Lucilius,4980,"[""Lucilius"", ""Caius Lucilius""]","[""Gaius Lucilius"", ""Caius Lucilius""]","[""Lucilius"", ""Lucilius Satyricus""]","[""Latin""]"
Sidonius Apollinaris,Sidoine Apollinaire,Sidonius Apollinaris,Q302936,Sidonius Apollinaris,5649,"[""Saint Sidonius Apollinaris"", ""Gaius Sollius Apollinaris Sidoniu"", ""Gaius Sollius Modestus Apollinaris Sidonius"", ""Apollinaris Sidonius""]","[""Gaius Sollius Apollinaris Sidonius"", ""Caius Sollius Apollinaris Sidonius""]","[""Sidonius Poeta""]","[""Latin""]"
Orosius,Paul Orose,Orosius,Q311456,Orosius,613,"[""Paul Orosius"", ""Paulus Orosius""]","[""Orose""]","[""Paulus Orosius"", ""Orosius Historicus""]","[""Latin""]"
Aulus Cornelius Celsus,Celse,Aulus Cornelius Celsus,Q312420,Aulus Cornelius Celsus,1938,"[""Celsus""]","[""Aulus Cornelius Celsus"", ""Cornelius Celsus""]","[""Celsus Medicus"", ""Cornelius Celsus""]","[""Latin""]"
Gaius,Gaius,Gaius,Q313439,Gaius,325,"[""Caius""]","[""Ca\u00efus"", ""Ga\u00efus""]","[""Gaius Iurisconsultus"", ""iur.,"", ""Gaius""]","[""Latin""]"
Macrobius,Macrobe,Ambrosius Theodosius Macrobius,Q313934,Macrobius,540,"[""Ambrosius Theodosius Macrobius"", ""Ambroise Th\u00e9odose Macrobe"", ""Macrobius Ambrosius Theodosius""]","[""Ambrosius Macrobius Theodosius""]","[""Macrobius Theodosius"", ""Macrobius Grammaticus"", ""Macrobius""]","[""Latin""]"
Gaius Valerius Flaccus,Caius Valerius Flaccus,Gaius Valerius Flaccus,Q316090,Gaius Valerius Flaccus,4834,"[""Gaius Valerius Flaccus Setinus Balbus"", ""Valerius Flaccus""]","[""Val\u00e9rius Flaccus""]","[""Gaius Valerius Flaccus Setinus Balbus"", ""Valerius Flaccus Setinus Balbus"", ""Valerius Flaccus Poeta"", ""Valerius Flaccus""]","[""Latin""]"
Marcus Velleius Paterculus,Velleius Paterculus,Velleius Paterculus,Q316098,Velleius Paterculus,955,"[""Velleius Paterculus""]","[""Marcus Velleius Paterculus"", ""Caius Velleius Paterculus""]","[""Velleius Paterculus Historicus""]","[""Latin""]"
Silius Italicus,Silius Italicus,Tiberius Catius Asconius Silius Italicus,Q316123,Silius Italicus,852,"[""Tiberius Catius Asconius Silius Italicus""]","[""Tiberius Catius Asconius Silius Italicus""]","[""Silius Italicus""]","[""Latin""]"
Lucius Annaeus Florus,Florus,Lucius Annaeus Florus,Q316483,Florus,319,"[""Iulius Florus"", ""Florus"", ""Julius Florus""]",[],"[""Florus Historicus"", ""Florus""]","[""Latin""]"
Marcus Cornelius Fronto,Fronton,Marcus Cornelius Fronto,Q317055,Fronto,323,"[""Fronto""]","[""Marcus Cornelius Fronto""]","[""Fronto Rhetor"", ""Fronto"", ""Marcus Cornelius Fronto Rhetor""]","[""Latin""]"
Columella,Columelle,Lucius Iunius Moderatus Columella,Q318317,Columella,199,"[""Lucius Kolumella"", ""Lucius Iunius Moderatus Columella"", ""Lucius Columella"", ""Lucius Junius Moderatus Columella"", ""L. Iunius Moderatus Columella""]","[""Lucius Columella""]","[""Columella""]","[""Latin""]"
Persius,Perse,Aulus Persius Flaccus,Q332785,Persius,646,"[""Aulus Persius Flaccus""]","[""Aulus Persius Flaccus""]","[""Persius"", ""Persius Poeta"", ""Aulus Flaccus Persius""]","[""Latin""]"
Prudentius,Prudence,Aurelius Prudentius Clemens,Q347250,Prudentius,725,"[""Marcus Aurelius Prudentius Clemens"", ""Aurelius Prudentius Clemens""]","[""Aurelius Prudentius Clemens""]","[""Prudentius Poeta"", ""Aurelius Prudentius"", ""Prudentius Clemens""]","[""Latin""]"
Martianus Capella,Martianus Capella,Martianus Capella,Q348408,Martianus Capella,560,"[""Martianus Minneus Felix Capella"", ""M. Capella"", ""Martian Capella"", ""Martian"", ""Martian. Capella"", ""Martianus"", ""Capella""]","[""Marcien Capella"", ""Martianus""]","[""Martianus Minneus Felix Capella"", ""Felix Capella"", ""Martianus"", ""Martianus Cap."", ""Martianus Capella Carthaginiensis""]","[""Latin""]"
Servius,Servius,Maurus Servius Honoratus,Q355350,Servius,839,"[""Servius Honoratus"", ""Marius Servius Honoratus"", ""Marius Servius"", ""Sergius"", ""Maurus Servius Honoratus"", ""Seregius""]","[""Maurus Servius Honoratus""]","[""Servius"", ""Servius Grammaticus""]","[""Latin""]"
Priscian,Priscien de Césarée,Priscianus Caesariensis,Q356433,Priscianus,715,"[""Priscianus"", ""Priscian of Caesarea""]","[""Priscien""]","[""Priscianus"", ""Priscianus Caesarensis"", ""Priscianus Grammaticus""]","[""Latin""]"
Tyrannius Rufinus,Rufin d'Aquilée,Tyrannius Rufinus,Q365835,Rufinus of Aquileia,819,"[""Rufinus Aquileiensis"", ""Rufinus of Concordia"", ""Rufinus of Aquileia""]","[""Tyrannius Rufinus"", ""Rufin d'Aquilee""]","[""Rufinus Aquileiensis"", ""Rufinus Scriptor ecclesiasticus""]","[""Latin""]"
Valerius Maximus,Valère Maxime,Valerius Maximus,Q379991,Valerius Maximus,951,"[""Quintus V. Maximus"", ""Caius Valerius Maximus""]","[""Valere Maxime"", ""Valerius Maximus"", ""Val\u00e8re-Maxime""]","[""Valerius Maximus Historicus""]","[""Latin""]"
Dracontius,Dracontius,Blossius Aemilius Dracontius,Q885446,Blossius Aemilius Dracontius,5946,"[""Blossius Aemilius Dracontius""]","[""Blossius Aemilius Dracontius""]","[""Dracontius"", ""Dracontius Afer"", ""Dracontius Poeta""]","[""Latin""]"
Scriptores Historiae Augustae,Scriptores Historiae Augustae,Scriptores Historiae Augustae,Q9334638,Scriptores Historiae Augustae,5058,[],[],[],"[""Latin""]"
authors of Appendix Vergiliana,auteurs de l'Appendix Vergiliana,auctores Appendicis Vergilianae,Q102338318,Appendix Vergiliana,5098,"[""authors of the Appendix Vergiliana""]",[],[],"[""Latin""]"
Julius Caesar,Jules César,Gaius Iulius Caesar,Q1048,Caesar,168,"[""Divine Julius""]","[""Jules Caesar"", ""C\u00e9sar"", ""Caius Julius Caesar""]","[""C.Iulius C.f.C.n. Caesar"", ""CAIVS\u2022IVLIVS\u2022CAESAR"", ""IMPERATOR\u2022CAIVS\u2022IVLIVS\u2022CAESAR\u2022DIVVS""]","[""Latin""]"
Virgil,Virgile,Publius Vergilius Maro,Q1398,Vergilius,958,"[""Swan of Mantua"", ""Mantuan Swan"", ""Vergil"", ""Publius Vergilius Maro""]","[""Publius Vergilius Maro""]","[""Vergilius Maro"", ""Vergilius""]","[""Latin""]"
Augustus,Auguste,Augustus,Q1405,Augustus,138,"[""Gaius Julius Caesar"", ""Gaius Octavius Caepias"", ""Gaius Octavian"", ""Octavius Caesar"", ""Gaius Julius Caesar Augustus"", ""Caesar Octavianus"", ""Gaius Julius Caesar Octavianus"", ""Octavianus"", ""Augustus Caesar"", ""Caius Octavius Thurinus"", ""Caius Octavius"", ""Octavian"", ""Gaius Caesar"", ""Caius Julius C\u00e6sar Octavianus"", ""Gaius Octavius"", ""Gaius Octavius Thurinus"", ""Caesar Augustus"", ""Imperator Gaius Julius Caesar Octavianus Divi Filius Augustus"", ""Gaius Julius Caesar Octavianus Augustus""]","[""C\u00e9sar Auguste"", ""Octave"", ""Gaius Julius Caesar"", ""Empereur Romain Auguste"", ""Octavius Caesar"", ""Gaius Octavius"", ""Caesar Augustus"", ""Octavien"", ""Gaius Julius Caesar Augustus""]","[""\u0393\u03ac\u03ca\u03bf\u03c2 \u1f48\u03ba\u03c4\u03b1\u03bf\u03cd\u03b9\u03bf\u03c2"", ""Imperator Caesar Divi F. Augustus"", ""Imperator Caesar Divi Filius Augustus"", ""Gaius Octavius"", ""\u039a\u03b1\u1fd6\u03c3\u03b1\u03c1 \u03a3\u03b5\u03b2\u03b1\u03c3\u03c4\u03cc\u03c2 \u03b8\u03b5\u03cc\u03c2"", ""Gaius Iulius Caesar Octavianus"", ""Imperator Caesar Divi f. Augustus""]","[""Latin""]"
Marcus Aurelius,Marc Aurèle,Marcus Aurelius,Q1430,Marcus Aurelius,2952,"[""Marcus Annius Verus"", ""Caesar Marcus Aurelius Antoninus Augustus"", ""Antoninus"", ""Verissimus"", ""Marcus Aurelius Verus"", ""Marcus Catilius Severus Annius Verus"", ""Marcus Aurelius Antoninus""]",[],"[""Marcus Aurelius Antoninus Philosophus"", ""Marcus Aurelius Antoninus"", ""Marcus Aurelius Antoninus Imperator""]","[""Latin"", ""Ancient Greek""]"
Cicero,Cicéron,Marcus Tullius Cicero,Q1541,Cicero,187,"[""Tully"", ""Marcus Tullius Cicero"", ""M. Tullii Ciceronis"", ""M. Tullius Cicero""]","[""Marcus Tullius Cicero""]","[""Cicero"", ""M.Tullius M.f.M.n. Cor. Cicero""]","[""Latin""]"
Titus Livius,Tite-Live,Titus Livius,Q2039,Livius,521,"[""Titus Livius Patavinus"", ""Livy""]","[""Liv"", ""Titus Livius Patavinus"", ""Titus Livius"", ""Livy""]","[""Titus Livius Patavinus""]","[""Latin""]"
Seneca,Sénèque,Lucius Annaeus Seneca minor,Q2054,Seneca,1102,"[""Lucius Annaeus Seneca"", ""L. Ann\u00e6us Seneca"", ""Annaeus Seneca"", ""Lucio Anneo Seneca"", ""Lucius Annaeus Seneca Iunior"", ""Seneca the Younger"", ""Lucius Annaeus Seneca minor"", ""the Younger Seneca"", ""Lucius Annaeus Seneca the Younger""]","[""Lucius Annaeus Seneca"", ""S\u00e9n\u00e8que le Jeune"", ""S\u00e9n\u00e8que le Philosophe""]","[""Lucius Annaeus Seneca"", ""Cordubensis"", ""L. Annaeus Seneca""]","[""Latin""]"
Martial,Martial,Marcus Valerius Martialis,Q2098,Martialis,559,"[""Marcus Valerius Martialis""]","[""Marcus Valerius Martialis""]","[""Martialis Epigrammaticus"", ""Martialis""]","[""Latin""]"
Tacitus,Tacite,Cornelius Tacitus,Q2161,Tacitus,899,"[""Gaius Cornelius Tacitus"", ""P. Cornelius Tacitus"", ""Publius Cornelius Tacitus"", ""C. Cornelius Tacitus"", ""Publius Cornelius Tacitus Caecina Paetus"", ""Cornelius Tacitus""]","[""Publius Cornelius Tacitus""]","[""Publius Cornelius Tacitus"", ""Tacitus"", ""Tacitus Historicus""]","[""Latin""]"
Quintus Curtius Rufus,Quinte-Curce,Quintus Curtius Rufus,Q5959,Curtius Rufus,209,"[""Curtius Rufus""]","[""Quinte Curce"", ""Quintus Curtius Rufus""]","[""Curtius Rufus"", ""Curtius Rufus Historicus""]","[""Latin""]"
Horace,Horace,Quintus Horatius Flaccus,Q6197,Horatius,395,"[""Q. Horatius Flaccus"", ""Quintus Horatius Flaccus"", ""Horatius Flaccus"", ""Horatius""]","[""Quintus Horatius Flaccus""]","[""Q. Horatius Flaccus"", ""Horatius Poeta"", ""Horatius""]","[""Latin""]"
Sallust,Salluste,Gaius Sallustius Crispus,Q7170,Sallustius,825,"[""Gaius Sallustius Crispus"", ""Qay Krisp Sallyusti""]",[],"[""C. Sallustius Qui. Crispus"", ""Sallustius""]","[""Latin""]"
Ovid,Ovide,Publius Ovidius Naso,Q7198,Ovidius,614,"[""P. Ovidius Naso"", ""Publius Ovidius Naso""]",[],"[""Ovidius""]","[""Latin""]"
Augustine of Hippo,Augustin d’Hippone,Augustinus,Q8018,Augustinus,136,"[""St. Augoustinos"", ""Aurelius"", ""St. Augustine of Hippo"", ""Saint Augustine of Hippo"", ""St. Augustine"", ""Aurelius Augustine"", ""Aurelius Augustinus"", ""Saint Austin"", ""Aurelius Augustinus Hipponensis"", ""Saint Augustine"", ""Augustine"", ""Augustinus"", ""bishop of Hippo""]","[""saint Augustin"", ""Augustin d'Hippone""]","[""Aurelius Augustinus"", ""Augustinus Aurelius""]","[""Latin""]"
Propertius,Properce,Sextus Propertius,Q8827,Propertius,4807,"[""Sextus Propertius"", ""Sextus Aurelius Propertius""]",[],"[""Propertius""]","[""Latin""]"
Gaius Cornelius Gallus,Caius Cornelius Gallus,Gaius Cornelius Gallus,Q8825,Gaius Cornelius Gallus,203,"[""Cornelius Gallus""]","[""Gaius Cornelius Gallus""]","[""Cornelius Gallus"", ""Gallus Poeta""]","[""Latin""]"
Suetonius,Suétone,Suetonius,Q10133,Suetonius,889,"[""Svetonio"", ""Suetone Tranquile"", ""Su\u00e9tone"", ""Sueton"", ""C. Suetonius Tranquillus"", ""Gaio Svetonio Tranquillo"", ""Sveton"", ""Gaius Suetonius Tranquillus"", ""Suetone"", ""Tranquillus Suetonius"", ""Caius Suetonius Tranquillus""]",[],"[""Gaius Suetonius Tranquillus"", ""Caius Suetonius Tranquillus"", ""Gaius Suetonius Tranquillus Biographus""]","[""Latin""]"
Gregory I,Grégoire Ier,Gregorius Magnus,Q42827,Gregorius Magnus,345,"[""Pope Gregory I"", ""Pope Gregory the Great"", ""St Gregory I"", ""Pope Saint Gregory I"", ""St. Gregory the Dialogist"", ""Pope St. Gregory I"", ""Saint Gregory"", ""St Gregory the Great"", ""Gregorius Anicius"", ""Gregory"", ""Saint Gregory the Dialogist"", ""Pope Saint Gregory I the Great"", ""Saint Gregorius Magnus"", ""Gregorius Magnus"", ""St. Gregory the Great"", ""Saint Gregory I"", ""Saint Gregory the Great"", ""Gregory the Great"", ""Gregory The Great"", ""St Gregory""]","[""Gregoire le Grand"", ""Gr\u00e9goire 1er"", ""Gr\u00e9goire Ier le Grand"", ""Gr\u00e9goire le Grand"", ""Gregoire Ier"", ""saint Gr\u00e9goire le grand""]","[""Sanctus Gregorius PP. I Magnus"", ""Sanctus Gregorius"", ""Gregorius I"", ""Sanctus Gregorius Magnus""]","[""Latin""]"
Ambrose,Ambroise de Milan,Ambrosius,Q43689,Ambrosius,44,"[""Saint"", ""Ambrose of Milan"", ""St. Ambrosius"", ""Bishop of Milan Ambrogio"", ""Bishop of Milan Amvros\u012b\u012d"", ""St. Ambrose"", ""St Ambrose"", ""Bishop of Milan Aurelio Ambrogio"", ""Bishop of Milan Ambroise"", ""Saint Ambrose Bishop of Milan"", ""Bishop of Milan Aurelius Ambrosius"", ""Bp. of Milan Ambrosius"", ""Bishop of Milan Ambrose"", ""Saint Ambrose"", ""Ambrosius Mediolanensis"", ""Ambrosius""]","[""Saint Ambroise de Milan""]","[""Ambrosius Mediolanensis"", ""Sanctus Ambrosius"", ""Sanctus Aurelius Ambrosius""]","[""Latin""]"
Jerome,Jérôme de Stridon,Hieronymus,Q44248,Hieronymus,386,"[""Eusebius Sophronius Hieronymus"", ""Saint Heronimos"", ""Saint Hieronymus"", ""St. Jerome"", ""Eusebius Hieronymus"", ""Sophronius Eusebius Hieronymus"", ""Jerome of Stridon"", ""Hieronymus"", ""Sofronius Eusebius Hieronymus"", ""Saint Jerome""]","[""Eusebius Sophronius Hieronymus"", ""Saint J\u00e9r\u00f4me"", ""Eusebius Hieronymus"", ""J\u00e9rome de Stridon"", ""Jerome de Stridon"", ""J\u00e9r\u00f4me""]","[""Hieronymus Stridonius"", ""Eusebius Sophronius Hieronymus"", ""Sanctus Hieronymus"", ""Sophronius Eusebius Hieronymus"", ""Hieronymus Stridonensis""]","[""Latin""]"
Hilary of Poitiers,Hilaire de Poitiers,Hilarius Pictaviensis,Q44344,Hilarius of Poitiers,387,"[""Bishop of Poitiers"", ""Saint Hilary of Poitiers"", ""Hammer of the Arians"", ""Athanasius of the West"", ""Saint Hilary"", ""St. Hilary"", ""Hilarius Pictaviensis""]","[""Saint Hilaire de Poitiers"", ""Saint-Hilaire de Poitiers""]","[""Sanctus Hilarius""]","[""Latin""]"
Ennius,Ennius,Quintus Ennius,Q47130,Ennius,270,"[""Ennio"", ""Quintus Ennius"", ""Quinto Ennio""]","[""Ennio"", ""Quintus Ennius"", ""Quinto Ennio""]","[""Ennius Poeta"", ""Q. Ennius"", ""Ennius""]","[""Latin""]"
Lucretius,Lucrèce,Lucretius,Q47154,Lucretius,529,"[""Titus Carus Lucretius"", ""T. Lucretius Carus"", ""Titus Lucretius Carus""]",[],"[""T.Lucretius Carus"", ""Titus Lucretius Carus"", ""Lucretius Carus Poeta""]","[""Latin""]"
Vitruvius,Vitruve,Marcus Vitruvius Pollio,Q47163,Vitruvius,965,"[""Marcus Vitruvius Pollio"", ""Pollio Vitruvius"", ""Vitruvius Pollio""]","[""Marc Vitruve"", ""Vitruvius""]","[""Vitruvius Pollio Scriptor de architectura"", ""Vitruvius"", ""Vitruvius Pollio""]","[""Latin""]"
Plautus,Plaute,Titus Maccius Plautus,Q47160,Plautus,695,"[""Titus Maccius Plautus""]","[""Plautus""]","[""Plautus Comicus"", ""Plautus"", ""T. Maccius Plautus""]","[""Latin""]"
Petronius,Pétrone,Publius Petronius Niger,Q47180,Petronius,648,"[""Titus Petronius Niger"", ""Publius Petronius Niger"", ""Petronius Arbiter"", ""Gaius Petronius Arbiter""]","[""Petronius Arbiter"", ""Petrone""]","[""T. Petronius Arbiter"", ""Petronius Niger"", ""Petronius Arbiter"", ""Petronius"", ""Gaius Petronius"", ""Titus Petronius Arbiter"", ""C. Petronius"", ""T. Petronius""]","[""Latin""]"
Diogenes Laërtius,Diogène Laërce,Diogenes Laertius,Q59138,Diogenes Laertios,237,"[""Diogenes Laertius""]","[""Diog\u00e8ne de Laerte"", ""Diogene Laerce"", ""Diog\u00e8ne de La\u00ebrt\u00e8s"", ""Diog\u00e8ne Laerce"", ""Diog\u00e8ne de La\u00ebrte"", ""Diogenes Laertius""]","[""Diogenes Laertius Biographus"", ""Diogenes Laertios"", ""Diogenes La\u00ebrtius""]","[""Ancient Greek""]"
Phaedrus,Phèdre,Phaedrus,Q52166,Phaedrus,4839,"[""Gaius Julius Phaedrus"", ""Ph\u00e6drus""]",[],"[""Gaius Iulius Phaedrus"", ""Phaedrus Scriptor fabularum""]","[""Latin""]"
Procopius,Procope de Césarée,Procopius,Q186153,Prokopios of Kaisareia,3510,"[""Procopius of Caesarea""]","[""Procope de Cesaree""]","[""Procopius Caesarensis"", ""Procopius Historicus""]","[""Ancient Greek""]"
Clement of Alexandria,Clément d'Alexandrie,Clemens Alexandrinus,Q188883,Clemens of Alexandria,196,"[""Titus Flavius Clemens"", ""Saint Clement""]","[""Cl\u00e9ment d\u2019Alexandrie"", ""Clement d'Alexandrie""]","[""Titus Flavius Clemens"", ""Clemens Alexandrinus Theologus""]","[""Ancient Greek""]"
Philo of Alexandria,Philon d’Alexandrie,Philo Alexandrinus,Q189597,Philon of Alexandria,675,"[""Philo Jud\u00e6us"", ""Philo"", ""Philo Alexandrinus"", ""Philio Alexandrinus"", ""Philio Jud\u00e6us"", ""Philio of Alexandria"", ""Philo Judeaus"", ""Philo the Jew""]","[""Philo Judaeus"", ""Philon d'Alexandrie""]","[""Philo Iudaeus"", ""Philo Judaeus"", ""Philo Philosophus""]","[""Ancient Greek""]"
Appian,Appien,Appianus Alexandrinus,Q190368,Appianos,95,"[""Alexandreos"", ""Appian\u00f2s Alexandre\u00fas"", ""Appianus of Alexandria"", ""Appianus Alexandrinus"", ""Appian of Alexandria""]","[""Appian"", ""Appien d'Alexandrie""]","[""Appianus""]","[""Ancient Greek""]"
Gregory of Nyssa,Grégoire de Nysse,Gregorius Nyssenus,Q191734,Gregorios of Nysa,342,"[""Gregorius Nyssenus"", ""St. Gregory of Nyssa"", ""Gregorius""]","[""Gr\u00e9goire de Nic\u00e9e"", ""Gregoire de Nysse"", ""Saint Gr\u00e9goire de Nysse"", ""saint Gr\u00e9goire de Nysse""]",[],"[""Ancient Greek""]"
Hermes Trismegistus,Hermès Trismégiste,Hermes Trismegistus,Q192358,Anonymi of the Corpus Hermeticum,205,"[""Trismegistus""]","[""Hermes Trismegistus"", ""Herm\u00e8s Trismegiste"", ""Hermes Trismegiste""]","[""Mercurius ter Maximus""]","[""Ancient Greek""]"
Callimachus,Callimaque de Cyrène,Callimachus,Q192417,Kallimachos,480,"[""Kallimachos of Kyrene"", ""Battiades"", ""Callimachus of Cyrene""]","[""Callimaque"", ""Callimaque de Cyrene""]","[""Callimachus Philosophus"", ""Callimachus Cyrenaicus"", ""Callimachus Poeta"", ""Callimachus Cyrenaeus"", ""Callimachus Cyrenensis""]","[""Ancient Greek""]"
Apollonius of Rhodes,Apollonios de Rhodes,Apollonius Rhodius,Q192638,Apollonios of Rhodos,92,"[""Apollonius Rhodius""]","[""Apollonius de Rhodes""]","[""Apollonius Rhodius Epicus""]","[""Ancient Greek""]"
Pausanias,Pausanias le Périégète,Pausanias,Q192931,Pausanias,642,"[""Pausanias Periegetes""]","[""Pausanias"", ""Pausanias le Periegete""]","[""Pausanias Periegetes"", ""Pausanias Periegeta"", ""Pausanias Cappadocius""]","[""Ancient Greek""]"
Archilochus of Paros,Archiloque,Archilochus,Q201323,Archilochos,101,"[""Archilochus of Paros""]","[""Archiloque de Paros""]","[""Archilochus Elegiacus"", ""Archilochus Poeta"", ""Archilochus Iambographus"", ""Archilochus Parius""]","[""Ancient Greek""]"
Chrysippus of Soli,Chrysippe de Soles,Chrysippus,Q211411,Chrysippos,186,"[""Chrysippus""]","[""Chrysippos de Cilicie"", ""Chrysippe de Soli"", ""Chrysippe de Cilicie"", ""Chrysippos de Soles""]","[""Chrysippus Philosophus"", ""Chrysippus Soleus"", ""Chrysippus Stoicus"", ""Chrysippus Solensis""]","[""Ancient Greek""]"
Alcaeus of Mytilene,Alcée de Mytilène,Alcaeus,Q212872,Alkaios,40,"[""Alc\u00e6us"", ""Alcaeus"", ""Alc\u00e6us of Mitylene"", ""Alkaios""]","[""Alc\u00e9e de Lesbos""]","[""Alcaeus Mytilenaeus"", ""Alcaeus Lyricus"", ""Alcaeus Lesbius"", ""Alc\u00e6us Mitylen\u00e6us""]","[""Ancient Greek""]"
Theocritus,Théocrite,Theocritus,Q219484,Theokritos,925,"[""Theocrates""]","[""Theocrite""]","[""Theocritus Bucolicus"", ""Theocritus Syracusanus"", ""Theocritus Syracusius"", ""Theocritus Poeta""]","[""Ancient Greek""]"
Isocrates,Isocrate,Isocrates,Q221182,Isokrates,448,"[""Isokrates"", ""Isokrat\u0113s""]","[""Isocrates""]","[""Isocrates Orator"", ""Isocrates Atheniensis""]","[""Ancient Greek""]"
Achilles Tatius,Achille Tatius,Achilles Tatius,Q221951,Achilleus Tatios,7,"[""Achilleus Tatios""]","[""Achille Tatios"", ""Achilles Tatius""]","[""Achilles Tatius Scriptor eroticus""]","[""Ancient Greek""]"
Sextus Empiricus,Sextus Empiricus,Sextus Empiricus,Q236594,Sextus Empeirikos,847,[],[],"[""Sextus Empiricus Philosophus""]","[""Ancient Greek""]"
Photios I of Constantinople,Photios Ier de Constantinople,Photius I,Q243187,Photios,687,"[""Patriarch Photius I of Constantinople"", ""Photius"", ""Photios"", ""Patriarch Photios I of Constantinople"", ""Photios the Great"", ""Photius I of Constantinople""]","[""Photios de Constantinople"", ""Photius de Constantinople""]","[""Photius Theologus"", ""Photius Lexicographus"", ""Photius"", ""Photius Scriptor ecclesiasticus"", ""Photius Patriarcha Constantinopolitanus"", ""Photius Constantinopolitanus"", ""Photius Philologus"", ""Photius Patriarcha""]","[""Ancient Greek""]"
Libanius,Libanios,Libanius,Q263892,Libanios,520,"[""Libanius Sophista"", ""Libanius of Antioch"", ""Libanius the Sophist"", ""Libanios""]",[],"[""Libanius Sophista"", ""Libanius Rhetor"", ""Libanius Antiochenus""]","[""Ancient Greek""]"
Proclus,Proclus,Proclus,Q271809,Proklos,720,"[""Proclus Lycaeus""]","[""Proklos"", ""Proclus Diadochus"", ""Proclos""]","[""Proclus Lycius"", ""Proclus Philosophus"", ""Proclus Atheniensis"", ""Proclus Diadochus""]","[""Ancient Greek""]"
Epiphanius of Salamis,Épiphane de Salamine,Epiphanius,Q313922,Epiphanios,277,"[""Epiphanius of Constantia"", ""St. Epiphanius"", ""Epiphanius""]","[""Epiphane de Salamine"", ""Saint \u00c9piphane de Salamine""]","[""Epiphanius Constantiae"", ""Epiphanius Salamiensis"", ""Epiphanius Salaminis episcopus"", ""Epiphanius Constantiensis"", ""Epiphanius Cyprius""]","[""Ancient Greek""]"
Longus,Longus,Longus,Q314949,Longos,2857,[],[],"[""Longus Sophista"", ""Longus Scriptor eroticus""]","[""Ancient Greek""]"
Simonides of Ceos,Simonide de Céos,Simonides,Q273003,Simonides of Keos,857,"[""Simonides of Keos"", ""Simonides""]","[""Simonide de Ceos"", ""Simonide""]","[""Simonides Ceus"", ""Simonides Lyricus""]","[""Ancient Greek""]"
Athenaeus,Athénée,Athenaeus Naucratites,Q294923,Athenaios,135,"[""Athen\u00e6us"", ""Athenaeus of Naucratis""]","[""Ath\u00e9n\u00e9e de Naucratis"", ""Athenaeus"", ""Athenee"", ""Ath\u00e9naios""]","[""Athenaeus Sophista"", ""Athenaeus"", ""Athenaeus Naucratita""]","[""Ancient Greek""]"
Alcman,Alcman,Alcman,Q298850,Alkman,42,[],[],"[""Alcman Lyricus"", ""Alcman Lacedaemonius""]","[""Ancient Greek""]"
Lysias,Lysias,Lysias,Q310164,Lysias,534,[],[],"[""Lysias Orator"", ""Lysias Atheniensis""]","[""Ancient Greek""]"
Bacchylides,Bacchylide,Bacchylides,Q310681,Bakchylides,146,[],"[""Bacchylide de C\u00e9os""]","[""Bacchylides Lyricus"", ""Bacchylides Ceus""]","[""Ancient Greek""]"
Iamblichus,Jamblique,Iamblichus,Q310916,Iamblichos of Chalkis,2596,"[""Iamblichus of Chalcis""]","[""Iamblichus"", ""Jamblique de Chalcis"", ""Jamblique de Tyr""]","[""Abammon Syrus"", ""Iamblichus Philosophus"", ""Iamblichus Chalcidensis""]","[""Ancient Greek""]"
Nonnus of Panopolis,Nonnos de Panopolis,Nonnus,Q312916,Nonnos of Panopolis,604,"[""Nonnus""]",[],"[""Nonnus Panopolitanus"", ""Nonnus Epicus""]","[""Ancient Greek""]"
Heliodorus of Emesa,Héliodore d’Émèse,Heliodorus Emesenus,Q313011,Heliodoros of Emesa,1274,"[""Heliodorus""]","[""Heliodore d'Emese"", ""H\u00e9liodore""]","[""Heliodorus Scriptor eroticus"", ""Heliodorus""]","[""Ancient Greek""]"
Aelian,Claude Élien,Claudius Aelianus,Q313782,Ailianos,22,"[""Ailianos"", ""Claudius Aelianus"", ""\u00c6lian"", ""Claudius \u00c6lianus""]","[""\u00c9lien le Sophiste"", ""\u00c6lianus"", ""Claudius Aelianus"", ""\u00c6lien""]","[""Aelianus""]","[""Ancient Greek""]"
Anaxagoras,Anaxagore de Clazomènes,Anaxagoras,Q83041,Anaxagoras,1538,"[""Anaxagoras of Clazomenae""]","[""Anaxagore de Clazomenes"", ""Anaxagoras"", ""Anaxagore de Clazom\u00e8ne""]","[""Anaxagoras Clazomenius""]","[""Ancient Greek""]"
Empedocles,Empédocle,Empedocles,Q83375,Empedokles,267,[],"[""Emp\u00e9docle d'Agrigente"", ""Emp\u00e9docle d\u2019Agrigente"", ""Empedocle d'Agrigente""]","[""Empedocles Philosophus""]","[""Ancient Greek""]"
Arius,Arius,Arius,Q106026,Areios,104,"[""Arius of Alexandria""]","[""Arius d'Alexandrie""]","[""Arius Alexandrinus"", ""Arius Haeresiarcha""]","[""Ancient Greek""]"
Demosthenes,Démosthène,Demosthenes,Q117253,Demosthenes,226,"[""Dimosthenis""]",[],"[""Demosthenes Atheniensis"", ""Demosthenes Orator""]","[""Ancient Greek""]"
Menander,Ménandre,Menander,Q118992,Menandros,571,"[""Menander of Athens""]","[""Menandre""]","[""Menander Atheniensis"", ""Menander Comicus""]","[""Ancient Greek""]"
Parmenides,Parménide,Parmenides,Q125551,Parmenides,3340,"[""Parmenides of Elea""]","[""Parmenide"", ""Parm\u00e9nide d'\u00c9l\u00e9e"", ""Parmenides""]","[""Parmenides Philosophus"", ""Parmenides Poeta"", ""Parmenides Eleaticus""]","[""Ancient Greek""]"
Xenophon,Xénophon,Xenophon,Q129772,Xenophon,972,"[""Xenophon of Athens""]","[""Xenophon""]","[""Xenophon Atheniensis"", ""Xenophon Historicus""]","[""Ancient Greek""]"
Polybius,Polybe,Polybius,Q131169,Polybios,700,"[""Polybius of Megalopolis""]","[""Pol\u00fabios"", ""Polybius""]","[""Polybius Megalopolitanus"", ""Polybius Historicus""]","[""Ancient Greek""]"
Xenophanes,Xénophane,Xenophanes,Q131671,Xenophanes of Kolophon,4776,"[""Xenophanes of Colophon""]","[""X\u00e9nophane de Colophon"", ""Xenophane de Colophon""]","[""Xenophanes Philosophus"", ""Xenophanes Poeta"", ""Xenophanes Colophonius""]","[""Ancient Greek""]"
Solon,Solon,Solon,Q133337,Solon,864,"[""Solon of Athens""]","[""Solon d'Ath\u00e8nes""]","[""Solon Nomographus"", ""Solon Atheniensis"", ""Solon Philosophus"", ""Solon Poeta""]","[""Ancient Greek""]"
Plotinus,Plotin,Plotinus,Q134189,Plotinos,3481,"[""Plotinos""]",[],"[""Plotinus Lycopolitanus"", ""Plotinus Philosophus""]","[""Ancient Greek""]"
Josephus,Flavius Josèphe,Flavius Iosephus,Q134461,Flavius Iosephos,318,"[""Flavius Iosephus"", ""Flavius Josephus"", ""Joseph ben Matityahu"", ""Titus Flavius Josephus""]","[""Josephus"", ""Titus-Flauius Josephus"", ""Titus Flauius Josephus"", ""Flavius Josephe"", ""Yossef ben Matityahou"", ""Titus Flavius Jos\u00e8phe"", ""Titus-Flavius Jos\u00e8phe"", ""Jos\u00e8phe ben Mattatias""]","[""Iosephus Historicus"", ""Flavius Josephus"", ""Josephus Historicus""]","[""Ancient Greek""]"
Pindar,Pindare,Pindarus,Q134929,Pindaros,690,"[""Pindaros"", ""Dirc\u00e6an Swan"", ""Pindarus""]",[],"[""Pindarus Lyricus"", ""Pindarus Boeotus"", ""Pindarus Poeta""]","[""Ancient Greek""]"
Eusebius of Caesarea,Eusèbe de Césarée,Eusebius Caesariensis,Q142999,Eusebios,300,"[""Eusebius Pamphili"", ""Eusebius""]",[],"[""Eusebius Scriptor ecclesiasticus"", ""Eusebius Pamphili"", ""Eusebius Pamphilus"", ""Eusebius Theologus""]","[""Ancient Greek""]"
Theophrastus,Théophraste,Theophrastus,Q160362,Theophrastos,931,"[""Theophrastus of Eresos"", ""Theophr.""]","[""Theophrastus"", ""Theophr."", ""Th\u00e9ophraste d'Ath\u00e8nes"", ""Theophraste""]","[""Theophrastus Eresius"", ""Theophrastus Philosophus"", ""Tyrtamus""]","[""Ancient Greek""]"
Protagoras,Protagoras,Protagoras,Q169243,Protagoras Abderita,8079,"[""Protagoras of Abdera""]","[""Protagoras d\u2019Abd\u00e8re"", ""Protagoras d'Abd\u00e8re""]","[""Protagoras Sophista"", ""Protagoras Abderita""]","[""Ancient Greek""]"
Diodorus Siculus,Diodore de Sicile,Diodorus Siculus,Q171241,Diodoros of Sicily,234,"[""Diodoros of Sicily"", ""Diodorus"", ""Diodorus of Sicily"", ""Diodoros""]","[""Diodorus Siculus""]","[""Diodorus"", ""Diodorus Siculus Historicus""]","[""Ancient Greek""]"
Lucian of Samosata,Lucien de Samosate,Lucianus Samosatensis,Q177847,Loukianos,524,"[""Lucian"", ""Lucianus"", ""Loukianos"", ""Lucianus Samosatenus""]",[],"[""Lucianus Sophista"", ""Lucianus""]","[""Ancient Greek""]"
Aratus,Aratos de Soles,Aratus Solensis,Q180671,Aratos,99,"[""Aratus of Soli""]","[""Aratus de Soli"", ""Aratos"", ""Aratus""]","[""Aratus""]","[""Ancient Greek""]"
Irenaeus,Irénée de Lyon,Irenaeus,Q182123,Eirenaios,438,"[""Iren\u00e6us"", ""Irenaeus of Lyon""]","[""Irenee de Lyon"", ""Saint Ir\u00e9n\u00e9e de Lyon"", ""Irenaeus"", ""Iranaeus""]","[""Irenaeus Theologus"", ""Irenaeus Lugdunensis"", ""Sanctus Irenaeus""]","[""Ancient Greek""]"
Epictetus,Épictète,Epictetus,Q183144,Epiktetos,276,"[""Epiktetos"", ""Epictetus of Hierapolis""]","[""Epictete"", ""Epict\u00e8te""]","[""Epictetus Philosophus"", ""Epictetus Hierapolitanus""]","[""Ancient Greek""]"
Justin Martyr,Justin de Naplouse,Iustinus Martyr,Q185117,Iustinus martyr,467,"[""Saint Justin"", ""Justin"", ""Iustinus Martyr"", ""Justin the Philosopher"", ""St. Justin""]","[""Justin martyr"", ""Justin le Martyr""]",[],"[""Ancient Greek""]"
Cassius Dio,Dion Cassius,Cassius Dio,Q185223,Cassius Dion,172,"[""Dio Cassius"", ""Dion Cassius""]","[""Dio Cassius"", ""Cassius Dio"", ""Cassius Dion""]","[""Dio Cassius Historicus"", ""Dio Cassius"", ""Cassius Dio Cocceianus"", ""Lucius Cassius Dio Cocceianus"", ""Cassius Dio Historicus""]","[""Ancient Greek""]"
Posidonius,Posidonios,Posidonius Apameus,Q185770,Poseidonios of Apameia,710,"[""Poseidonios"", ""Posidonius of Apamea""]","[""Posidonios de Rhodes"", ""Poseidonios d'Apam\u00e9e"", ""Poseidonios"", ""Posidonius d'Apam\u00e9e"", ""Poseid\u00f4nios"", ""Posidonios d'Apam\u00e9e"", ""Posidonius"", ""Posidonius de Rhodes""]","[""Posidonius Philosophus"", ""Posidonius"", ""Posidonius Rhodius""]","[""Ancient Greek""]"
Ephrem the Syrian,Éphrem le Syriaque,Ephraem Syrus,Q200608,Ephraem Graecus,272,"[""Ephraem Syrus"", ""Ephraim the Syrian""]","[""Saint Ephrem le Syrien"", ""Ephrem le Syrien"", ""\u00c9phr\u00e8me le Syrien"", ""Ephraem le Syrien"", ""\u00c9phrem de Nisibe"", ""\u00c9phrem le Syrien""]","[""Ephraem Graecus""]","[""Syriac""]"
Ephrem the Syrian,Éphrem le Syriaque,Ephraem Syrus,Q200608,Ephraem of Syria,273,"[""Ephraem Syrus"", ""Ephraim the Syrian""]","[""Saint Ephrem le Syrien"", ""Ephrem le Syrien"", ""\u00c9phr\u00e8me le Syrien"", ""Ephraem le Syrien"", ""\u00c9phrem de Nisibe"", ""\u00c9phrem le Syrien""]","[""Ephraem Graecus""]","[""Syriac""]"
Tatian,Tatien le Syrien,Tatianus,Q272087,Tatianos,900,"[""Tatianus"", ""Tatian the Syrian""]","[""Tatien""]","[""Tatianus Syrus"", ""Tatianus Assyrius""]","[""Syriac""]"
Theodoret,Théodoret de Cyr,Theodoretus,Q317029,Theodoretos,912,"[""Theodoret of Cyrrhus""]","[""Th\u00e9odoret"", ""Theodoret"", ""Theodoret de Cyr""]","[""Theodoretus Scriptor ecclesiasticus"", ""Theodoretus Theologus"", ""Theodoretus Cyrrhensis""]","[""Ancient Greek""]"
Aeschines,Eschine,Aeschines,Q317089,Aischines orator,23,"[""\u00c6schines""]",[],"[""\u00c6schines"", ""Aeschines Orator"", ""Aeschines Atheniensis""]","[""Ancient Greek""]"
Alexandros of Aphrodisias,Alexandre d’Aphrodise,Alexander Aphrodisiensis,Q317146,Alexandros of Aphrodisias,1461,"[""Alexander of Aphrodisias""]","[""Alexandre d'Aphrodisias"", ""Alexandre d'Aphrodisie""]",[],"[""Ancient Greek""]"
John Philoponus,Jean Philopon,Iohannes Philoponus,Q317632,Ioannes Philoponos,426,"[""Johannes Philoponus"", ""Philoponus""]","[""Johannes Philoponus"", ""Jean Philopone"", ""Jean Philoppon"", ""Philopon""]","[""Johannes Philoponus"", ""Iohannes Grammaticus"", ""Johannes Grammaticus"", ""Philoponus""]","[""Ancient Greek""]"
Hippocrates,Hippocrate,Hippocrates,Q5264,Hippokrates,390,"[""Hippocrates II"", ""Hippokrates"", ""Hippokrates of Kos"", ""Hippocrates of Cos""]",[],"[""Hippocrates Cous"", ""Hippocrates Medicus""]","[""Ancient Greek""]"
Homer,Homère,Homerus,Q6691,Homeros,393,"[""Homeros"", ""Homerus"", ""M\u00e6onides""]",[],"[""Homerus Epicus""]","[""Ancient Greek""]"
Sophocles,Sophocle,Sophocles,Q7235,Sophokles,865,[],[],"[""Sophocles Tragicus"", ""Sophocles tragicus""]","[""Ancient Greek""]"
Archimedes,Archimède,Archimedes,Q8739,Archimedes,102,"[""Archimedes of Syracuse""]","[""Archim\u00e8de de Syracuse""]",[],"[""Ancient Greek""]"
Euclid,Euclide,Euclides,Q8747,Eukleides,293,"[""Euclides"", ""Eukleides"", ""Euclid of Alexandria""]",[],"[""Euclides Alexandrinus"", ""Euclides Mathematicus"", ""Euclides Geometra""]","[""Ancient Greek""]"
Galen,Claude Galien,Claudius Galenus,Q8778,Galenos,326,"[""Galen of Pergamon"", ""Aelius Galenus"", ""Claudius Galenus""]","[""Claudius Galenus"", ""Galien""]","[""Galenus"", ""Galenus Medicus"", ""Galenus Pergamenus""]","[""Ancient Greek""]"
Sappho,Sappho,Sappho,Q17892,Sappho,827,"[""Sapphus"", ""Sapho"", ""Psappho""]","[""Sapho""]","[""Sappho Lesbia"", ""Sappho Lyrica"", ""Sappho Poeta""]","[""Ancient Greek""]"
Dionysius of Halicarnassus,Denys d'Halicarnasse,Dionysius Halicarnasseus,Q26204,Dionysios of Halikarnassos,247,"[""Dionysios of Halikarnassos""]","[""Denys d'Halycarnasse""]","[""Dionysius Halicarnassensis"", ""Dionysius Halicarnassensis Historicus"", ""Dionysius Halicarnassensis Rhetor""]","[""Ancient Greek""]"
Herodotus,Hérodote,Herodotus,Q26825,Herodotos,376,"[""Herodotos"", ""Herodotus of Halicarnassus"", ""Father of History""]","[""H\u00e9rodote d'Halicarnasse"", ""Herodote"", ""H\u00e9rodote de Thourioi""]","[""Herodotus Halicarnassensis""]","[""Ancient Greek""]"
Arrian,Arrien,Lucius Flavius Arrianus,Q31845,Arrianos,123,"[""Arrian of Nicomedia"", ""Lucius Flavius Arrianus"", ""Flavius Arrian""]","[""Arrien de Nicom\u00e9die""]","[""Arrianus Bithynius"", ""Arrianus Nicomediensis"", ""Arrianus"", ""Flavius Arrianus"", ""Arrianus Historicus""]","[""Ancient Greek""]"
Julian,Julien,Flavius Claudius Iulianus,Q33941,Iulianus imperator,451,"[""Julian III"", ""Julianus II"", ""Julianus III"", ""Flavius Claudius Julianus"", ""Julian the Apostate"", ""Flavius Claudius Iulianus"", ""Julian II""]","[""Flavius Claudius Julianus"", ""Julien l\u2019Apostat"", ""Julien le philosophe"", ""Julien l'apostat"", ""Julien II dit l'Apostat"", ""Julien II""]","[""Julianus Apostata"", ""Iulianus II"", ""Iulianus"", ""Flavius Claudius Julianus"", ""Iulianus Pius"", ""Iulianus Apostata"", ""Iulianus Imperator""]","[""Ancient Greek""]"
Ptolemy,Claude Ptolémée,Claudius Ptolemaeus,Q34943,Claudius Ptolemaios,192,"[""Klaudios Ptolemaios"", ""Claudius Ptolemaeus"", ""Claudius Ptolemeus"", ""Claudius Ptolemy""]","[""Claudius Ptolemaeus"", ""Claudius Ptolemeus""]","[""Ptolemaeus"", ""Ptolemaeus Alexandrinus"", ""Claudius Ptolem\u00e6us"", ""Ptolem\u00e6us"", ""Ptolemaeus Astrologus"", ""Ptolemaeus Mathematicus""]","[""Ancient Greek""]"
Aeschylus,Eschyle,Aeschylus,Q40939,Aischylos,25,"[""Aeschylos"", ""\u00c6schylus""]","[""\u00c9chille"", ""\u00c9schyle"", ""Aiskh\u00falos""]","[""Aeschylus Tragicus"", ""Aeschylus Atheniensis"", ""Aeschylus tragicus""]","[""Ancient Greek""]"
Heraclitus,Héraclite,Heraclitus,Q41155,Herakleitos of Ephesos,1047,"[""Heraclitus of Ephesus"", ""Weeping Philosopher""]","[""Heraklit"", ""H\u00e9raclite d'Eph\u00e8se"", ""Heraclite"", ""H\u00e9raclite d'\u00c9ph\u00e8se""]","[""Heraclitus Ephesius"", ""Heraclitus Philosophus""]","[""Ancient Greek""]"
Plutarch,Plutarque,Plutarchus,Q41523,Ploutarchos,698,"[""Plutarch of Chaeronea"", ""Ploutarchos"", ""Lucius Mestrius Plutarchus"", ""Plutarchus"", ""Plutarchos""]","[""Plutarque de Ch\u00e9ron\u00e9e""]","[""Plutarchus Philosophus"", ""Plutarchus Chaeronensis"", ""Plutarchus Biographus"", ""L. Mestrius Plutarchus""]","[""Ancient Greek""]"
Thucydides,Thucydide,Thucydides,Q41683,Thoukydides,937,[],"[""Thucidide"", ""Thucydide d'Ath\u00e8nes""]","[""Thucydides Historicus"", ""Thucydides Atheniensis""]","[""Ancient Greek""]"
Democritus,Démocrite,Democritus,Q41980,Demokritos,225,"[""Demokritos"", ""Democritus of Abdera"", ""Laughing Philosopher""]","[""D\u00e9mocrite d'Abd\u00e8re"", ""Democritus""]","[""Democritus Philosophus"", ""Democritus Abderita""]","[""Ancient Greek""]"
Clement I,Clément de Rome,Clemens I,Q42887,Clemens of Rome,197,"[""Saint Clemens"", ""Clement the Bishop"", ""St. Clement"", ""St. Clemens"", ""Saint Clement"", ""Clemens"", ""Clemens Romanus"", ""Pope Saint Clement I"", ""San Clemente"", ""Pope Klyment I"", ""Clemens the Bishop"", ""Clement"", ""Clemens I"", ""Pope Klemens I"", ""Saint Clement I"", ""Clement of Rome"", ""Flavius Clemens"", ""Pope Kelemen I"", ""Pope Clement I""]","[""Clement Ier"", ""Cl\u00e9ment Romain"", ""Cl\u00e9ment 1er"", ""Saint Clement"", ""Cl\u00e9ment Ier""]","[""Sanctus Clemens"", ""Sanctus Clemens PP. I"", ""Papa Clemens I"", ""Clemens Romanus"", ""Sanctus Clemens I""]","[""Ancient Greek""]"
Epicurus,Épicure,Epicurus,Q43216,Epikouros,275,"[""Ep\u00edkouros"", ""Epikouros""]","[""Epicure"", ""Epicurus""]","[""Epicurus Samius"", ""Epicurus Philosophus""]","[""Ancient Greek""]"
Aristophanes,Aristophane,Aristophanes,Q43353,Aristophanes,117,"[""Father of Comedy""]",[],"[""Aristophanes Comicus""]","[""Ancient Greek""]"
Aesop,Ésope,Aesopus,Q43423,Aisopos,26,"[""Aesopus"", ""\u00c6\u017fop"", ""\u00c6sop"", ""Esop"", ""E\u017fope""]","[""Esope"", ""Aesopus""]","[""Aesopus Scriptor fabularum""]","[""Ancient Greek""]"
John Chrysostom,Jean Chrysostome,Ioannes Chrysostomus,Q43706,Ioannes Chrysostomos,416,"[""Ioannes Crisostomus"", ""Saint John Chrysostom"", ""Joannes Chrysostomus"", ""Chryssorhoas"", ""Giovanni Crisostomo"", ""John I Chrysostom"", ""Chrysostomus"", ""St. John Chrysostom"", ""Joannes Chrysostomos"", ""Johannes Chrysostomus"", ""Iohannes Antiochiensis""]","[""Jean Ier Chrysostome"", ""saint Jean Bouche d\u2019Or"", ""Jean Chrysost\u00f4me""]","[""Johannes Chrysostomus Scriptor ecclesiasticus"", ""Iohannes Chrysostomus"", ""Iohannes Chrysostomus Scriptor ecclesiasticus"", ""Sanctus Iohannes Chrysostomus""]","[""Ancient Greek""]"
Gregory of Nazianzus,Grégoire de Nazianze,Gregorius Nazianzenus,Q44011,Gregorios of Nazianzos,341,"[""St. Gregory Nazianzen"", ""St. Gregory of Nazianzus"", ""Gregory the Theologian"", ""Gregory Nazianzen"", ""Gregorius Nazianzenus"", ""Grigorios Nazianzenos""]","[""Gr\u00e9goire le Th\u00e9ologien"", ""Saint Gr\u00e9goire de Nazianze"", ""Gr\u00e9goire de Naziance"", ""Gregoire de Nazianze""]","[""Gregorius Theologus"", ""Gregorius Nazianzenus Theologus""]","[""Ancient Greek""]"
Basil of Caesarea,Basile de Césarée,Basilius Caesariensis,Q44258,Basileios of Kaisareia,154,"[""Saint Basil the Great"", ""Basilius Magnus"", ""St. Basil The Great""]","[""Basile Le Grand"", ""Basile de Cesaree"", ""Saint Basile de C\u00e9sar\u00e9e"", ""Saint Basile le Grand""]","[""Basilius Magnus""]","[""Ancient Greek""]"
Strabo,Strabon,Strabo,Q45936,Strabon,886,"[""Strabo of Amaseia""]","[""Strabon d\u2019Amas\u00e9e""]","[""Strabo Geographus"", ""Strabo Amasiotes""]","[""Ancient Greek""]"
Euripides,Euripide,Euripides,Q48305,Euripides,299,[],[],"[""Euripides Tragicus""]","[""Ancient Greek""]"
Athanasius of Alexandria,Athanase d'Alexandrie,Athanasius Alexandrinus,Q44024,Athanasios,134,"[""Athanasius the Confessor"", ""Sint Atanaze d\u2019 Alegzandreye"", ""Athanasius Alexandrinus"", ""Athanasius"", ""Athanasius the Apostolic"", ""Athanasius the Great"", ""Athanasios of Alexandria"", ""Saint Athanasius"", ""Athanasius Contra Mundum"", ""Athanasius I of Alexandria""]","[""Saint Athanase d\u2019Alexandrie"", ""Athanase le Grand"", ""Athanase Ier"", ""Athanasien"", ""Athanase d\u2019Alexandrie""]","[""Athanasius Magnus""]","[""Ancient Greek""]"
Cyril of Alexandria,Cyrille d'Alexandrie,Cyrillus Alexandrinus,Q44079,Kyrillos of Alexandria,505,"[""Cyrillus Alexandrinus"", ""Doctor of the Incarnation""]","[""Cyrille""]",[],"[""Ancient Greek""]"
Ignatius of Antioch,Ignace,Ignatius Antiochenus,Q44170,Ignatios of Antiocheia,412,"[""Ignatius Antiochenus"", ""St. Ignatius"", ""Saint Ignatius of Antioch""]","[""Saint Ignace d'Antioche"", ""Ignace d\u2019Antioche""]","[""Ignatius Antiochensis""]","[""Ancient Greek""]"
Hesiod,Hésiode,Hesiodus,Q44233,Hesiodos,381,"[""Hesiod of Ascra"", ""Hesiodus""]","[""Hesiode"", ""H\u00e9siode d'Ascra""]","[""Hesiodus Ascraeus"", ""Hesiodus Epicus""]","[""Ancient Greek""]"
Stesichorus,Stésichore,Stesichorus,Q332797,Stesichoros,884,[],"[""St\u00e8sichore de Metauros"", ""St\u00e9sichore d'Him\u00e8re"", ""Stesichore""]","[""Stesichorus Lyricus"", ""Stesichorus Himeraeus"", ""Stesichorus Poeta""]","[""Ancient Greek""]"
Dio Chrysostom,Dion de Pruse,Dio Chrysostomus,Q334457,Dion Chrysostomos,242,"[""Dio of Prusa"", ""Dio Cocceianus""]","[""Dion Chrysostome"", ""Dion Chrysost\u00f4me""]","[""Dio Chrysostomus Sophista"", ""Dio Prusaeus"", ""Dio Prusaensis""]","[""Ancient Greek""]"
Theognis of Megara,Théognis de Mégare,Theognis,Q336115,Theognis,923,"[""Theognis""]","[""Theognis de Megare"", ""Th\u00e9ognis""]","[""Theognis Elegiacus"", ""Theognis Megarensis"", ""Theognis Megareus""]","[""Ancient Greek""]"
Simplicius of Cilicia,Simplicius,Simplicius,Q351518,Simplicius,859,"[""Simplicius"", ""Simplicius van Cilici\u00eb""]","[""Simplicius de Cilicie"", ""Simplicios"", ""Simplicios de Cilicie"", ""Simplicius van Cilici\u00eb""]","[""Simplicius Atheniensis"", ""Simplicius Cilicius"", ""Simplicius Philosophus"", ""Simplicius Neoplatonicus"", ""Simplicius van Cilici\u00eb""]","[""Ancient Greek""]"
Aelius Aristides,Aelius Aristide,Publius Aelius Aristides,Q354431,Aelius Aristeides,13,"[""Publius Aelius Aristides Theodorus"", ""Publius Aelius Aristides""]","[""\u00c6lius Aristide""]","[""Aelius Aristides"", ""Aristides Rhetor""]","[""Ancient Greek""]"
Synesius of Cyrene,Synésios de Cyrène,Synesius Cyrenaeus,Q357027,Synesios of Kyrene,3702,"[""Bishop of Ptolemais"", ""Synesius of Ptolemais"", ""Synesius""]","[""Syn\u00e9sios"", ""Syn\u00e9sius"", ""Synesios de Cyrene"", ""Synesius"", ""Syn\u00e9sius de Cyr\u00e8ne""]","[""Synesius Cyrenensis"", ""Synesius""]","[""Ancient Greek""]"
Themistius,Thémistios,Themistius,Q365183,Themistios,910,[],"[""Th\u00e9mistius"", ""Themistius""]","[""Themistius Rhetor"", ""Themistius Constantinopolitanus"", ""Themistius Philosophus"", ""Themistius Euphrades""]","[""Ancient Greek""]"
Lycophron,Lycophron,Lycophron,Q432737,Lykophron,531,"[""Lykophron of Chalkis"", ""Lykophron"", ""Lycophron of Chalcis""]","[""Lycophron de Chalcis""]","[""Lycophron Chalcidensis"", ""Lycophron Alexandrinus"", ""Lycophron Chalcidicus"", ""Lycophron Tragicus""]","[""Ancient Greek""]"
Chariton,Chariton d'Aphrodise,Charito Aphrodisiensis,Q434567,Chariton,181,"[""Chariton of Aphrodisias""]","[""Chariton d'Aphrodisie"", ""Chariton d'Aphrodisias""]","[""Chariton scriptor eroticus""]","[""Ancient Greek""]"
Herodas,Hérondas,Herodas,Q434811,Herondas,379,"[""Herondas""]","[""H\u00e9rodas"", ""Herondas""]","[""Herodas Mimographus"", ""Herondas Mimographus"", ""Herondas""]","[""Ancient Greek""]"
Evagrius Ponticus,Évagre le Pontique,Evagrius Ponticus,Q437869,Euagrios of Pontos,286,"[""Evagrius of Pontus"", ""Evagrius the Solitary""]","[""Evagre du Pont"", ""Evagre le Pontique"", ""Evagrius Ponticus""]",[],"[""Ancient Greek""]"
Hesychius of Alexandria,Hésychios d'Alexandrie,Hesychius Alexandrinus,Q443510,Hesychios of Alexandria,2531,"[""Hesych"", ""H\u0113sychios"", ""Hesychios"", ""Hesychius""]","[""Hesychios d'Alexandrie""]","[""Hesychius Grammaticus"", ""Hesychius Lexicographus""]","[""Ancient Greek""]"
Philodemus,Philodème de Gadara,Philodemus,Q451550,Philodemos,672,"[""Philodem"", ""Philodemus of Gadara"", ""Philodemos""]","[""Philod\u00e8me l'\u00e9picurien"", ""Philodeme de Gadara"", ""Philod\u00e8me""]","[""Philodemus Gadarensis"", ""Philodemus Philosophus""]","[""Ancient Greek""]"
Pseudo-Longinus,Pseudo-Longin,Longinus,Q744540,Pseudo-Longinos or Pseudo-Dionysios,2854,"[""Dionysius Longinus""]",[],"[""Pseudo-Longinus"", ""Dionysius Longinus""]","[""Ancient Greek""]"
Posidippus,Posidippe,Posidippus,Q1392801,Poseidippos of Pella,709,"[""Posidippus of Pella""]","[""Posidippos"", ""Posidippus""]","[""Posidippus Pellensis""]","[""Ancient Greek""]"
Philostratus,Philostrate d'Athènes,Philostratus Atheniensis,Q2274948,Philostratos II,679,"[""Philostratus the Athenian"", ""Philostratus Atheniensis"", ""Lucius Flavius Philostratus""]","[""Philostrate l'Ath\u00e9nien"", ""Philostrate"", ""Philostrate l'Athenien""]","[""Flavius Philostratus Atheniensis"", ""Flavius Philostratus Sophista"", ""Flavius Philostratus""]","[""Ancient Greek""]"
Plato,Platon,Plato,Q859,Platon,694,[],[],"[""Plato Philosophus""]","[""Attic Greek""]"
Aristotle,Aristote,Aristoteles,Q868,Aristoteles,119,"[""the Stagirite""]",[],"[""Aristoteles Pellaeus"", ""Aristoteles Stagirites"", ""Aristoteles Atheniensis""]","[""Attic Greek""]"
Venantius Fortunatus,Venance Fortunat,Venantius Fortunatus,Q44934,Venantius Fortunatus,956,"[""Venantius Honorius Clementianus Fortunatus"", ""St. Venantius Honorius Clementianus Fortunato"", ""Fortunatus""]","[""Venantius Fortunatus""]","[""Venantius Fortunatus Poeta"", ""Venantius Honorius Clementianus Fortunatus""]","[""Medieval Latin""]"
Gregory of Tours,Grégoire de Tours,Gregorius Turonensis,Q67841,Gregorius of Tours,1278,"[""St. Gregory of Tours""]","[""Gr\u00e9goire de Tour"", ""Saint Gr\u00e9goire de Tours"", ""Gregoire de Tours""]","[""Sanctus Gregorius Turonensis""]","[""Medieval Latin""]"
Gorgias,Gorgias,Gorgias,Q179785,Gorgias of Leontinoi,2449,"[""Gorgias of Leontini""]",[],"[""Gorgias Sophista"", ""Gorgias Leontinus""]","[""Attic Greek""]"
Origen,Origène,Origenes,Q170472,Origenes,612,"[""Origenes""]","[""Orig\u00e8nes"", ""Orig\u00e8ne d'Alexandrie"", ""Origene""]","[""Origenes Alexandrinus"", ""Origenes Theologus"", ""Origenes Adamantius""]","[""Koine Greek""]"
Maximus the Confessor,Maxime le Confesseur,Maximus Confessor,Q206842,Maximos confessor,2999,"[""Saint Maximus"", ""Maximus of Constantinople"", ""Maximus the Theologian""]","[""Maxime de Chrysopolis"", ""Saint Maxime le Confesseur""]","[""Maximus Confessor Theologus"", ""Maximus Constantinopolitanus"", ""Maximus Homologetes""]","[""Medieval Greek""]"
Pelagius,Pélage,Pelagius,Q162593,Pelagius,644,"[""Morgan""]","[""Pelagius""]","[""Pelagius Britannicus"", ""Pelagius Theologus""]",[]
Mani,Mani,Manes,Q203922,Mani,547,"[""Manes"", ""Suraik"", ""Kurbik""]","[""ma\u00eetre Mani"", ""le Vivant"", ""Manikhaios""]","[""Manichaeus""]",[]
Hippolytus,Hippolyte de Rome,Hippolytus,Q207113,Hippolytos of Rome,391,"[""St. Hippolytus"", ""Hippolytus of Rome""]","[""Hippolyte de Porto"", ""Antipape Hippolyte"", ""Saint Hippolyte de Rome""]","[""Sanctus Hippolytus"", ""Hippolytus Romanus""]",[]
Pseudo-Dionysius the Areopagite,Pseudo-Denys l'Aréopagite,Pseudo-Dionysius Areopagita,Q312816,Pseudo-Dionysios Areopagites,744,"[""Pseudo-Denys"", ""Dionysius the Pseudo-Areopagite""]","[""Pseudo-Denys"", ""Corpus Areopagiticum"", ""Pseudo-Denys l'Areopagite"", ""Saint Denys l\u2019Ar\u00e9opagite""]",[],[]
Suidas,Suidas,Suidas,Q1534037,Anonymus of the Suidas,6227,"[""S\u016b\u00efdas"", ""Su\u00efdas"", ""Soudas"", ""Souidas""]",[],[],[]
Hermas,Hermas,Hermas,Q1799472,Hermas,370,[],[],"[""Hermas Scriptor ecclesiasticus""]",[]
Socrates,Socrate,Socrates,Q913,Sokrates,3623,[],[],"[""Socrates Atheniensis"", ""Socrates Philosophus""]",[]
Pythagoras,Pythagore,Pythagoras,Q10261,Pythagoras,803,"[""Pythagoras from Samos"", ""Pythagoras of Samos"", ""Samian Sage""]",[],"[""Pythagoras Samius"", ""Pythagoras Philosophus""]",[]
Benedict of Nursia,Benoît de Nursie,Benedictus de Nursia,Q44265,Benedictus,160,"[""Bengt"", ""Saint Benedict of Nursia"", ""Saint Benedict"", ""St. Benedict""]","[""Benoit de Nursie"", ""Saint Beno\u00eet de Nursie""]","[""Sanctus Benedictus de Nursia"", ""Benedictus Casinensis"", ""Sanctus Benedictus"", ""Benedictus Casinensis Abbas""]",[]
