english_label,french_label,latin_label,q_identifier,trismegistos_label,trismegistos_id,english_aliases,french_aliases,latin_aliases,writing_languages
Pliny the Elder,Pline l'Ancien,Gaius Plinius Secundus,Q82778,Plinius Maior,697,"[""the Elder Pliny"", ""Pliny"", ""C. Plinius Secundus"", ""Caius Plinius Secundus"", ""Gaius Plinius Secundus"", ""Gaius P. Secundus"", ""Caius P. Secundus"", ""Plinius""]","[""Gaius Plinius Secundus"", ""Caius Plinius Secundus""]","[""Plinius Maior"", ""Plinius senior"", ""Caius Plinius Secundus"", ""Plinius Major""]","[""Latin""]"
Tibullus,Tibulle,Albius Tibullus,Q109598,Tibullus,1275,"[""Tibullus Albius"", ""Albius Tibullus""]","[""Tibullus""]","[""Tibullus""]","[""Latin""]"
Paulinus of Nola,Paulin de Nole,Paulinus Nolanus,Q132473,Paulinus of Nola,632,"[""Paulinus Nolanus"", ""St. Paulinus of Nola""]",[],[],"[""Latin""]"
Bede,Bède le Vénérable,Beda,Q154938,Beda Venerabilis,158,"[""Beda"", ""Doctor Anglorum"", ""Bede the Venerable"", ""Bede le Venerable"", ""Venerable Bede"", ""Beda Anglicus"", ""Saint Bede"", ""Saint Bede the Venerable"", ""Doctor of the English""]","[""Bede le Venerable"", ""B\u00e8de"", ""Saint B\u00e8de le V\u00e9n\u00e9rable"", ""Beda Venerabilis""]","[""Sanctus"", ""Beda Venerabilis""]","[""Latin""]"
Isidore of Seville,Isidore de Séville,Isidorus Hispalensis,Q166876,Isidorus of Sevilla,446,"[""St. Isidore"", ""Bishop of Seville"", ""Isidorus Hispalensis"", ""Isidor of Seville"", ""Saint Isidore of Seville""]","[""Isidoire de S\u00e9ville"", ""Saint Isidore de S\u00e9ville"", ""Isidore de Seville""]","[""Laus Hispaniae Isidori Hispaliensis"", ""Isidorus""]","[""Latin""]"
Pliny the Younger,Pline le Jeune,Gaius Plinius Caecilius Secundus,Q168707,Plinius the Younger,696,"[""the Younger Pliny"", ""Gaius Plinius Caecilius Secundus"", ""Gaius Caecilius Cilo"", ""C. Plinius Caecilius Secundus""]","[""Gaius Plinius Caecilius Secundus"", ""Caius Plinius Lucius filius Oufentina tribu Caecilius Secundus""]","[""C. Plinius Caecilius Secundus"", ""Caius Plinius Caecilius Secundus"", ""Plinius Minor""]","[""Latin""]"
Aelius Donatus,Aelius Donatus,Aelius Donatus,Q247137,Donatus,261,"[""Donatus""]","[""\u00c9lius Donat"", ""Aelius Donat""]","[""Donatus"", ""Donatus Grammaticus""]","[""Latin""]"
Gaius,Gaius,Gaius,Q313439,Gaius,325,"[""Caius""]","[""Ca\u00efus"", ""Ga\u00efus""]","[""Gaius Iurisconsultus"", ""iur.,"", ""Gaius""]","[""Latin""]"
Macrobius,Macrobe,Ambrosius Theodosius Macrobius,Q313934,Macrobius,540,"[""Ambrosius Theodosius Macrobius"", ""Ambroise Th\u00e9odose Macrobe"", ""Macrobius Ambrosius Theodosius""]","[""Ambrosius Macrobius Theodosius""]","[""Macrobius Theodosius"", ""Macrobius Grammaticus"", ""Macrobius""]","[""Latin""]"
Silius Italicus,Silius Italicus,Tiberius Catius Asconius Silius Italicus,Q316123,Silius Italicus,852,"[""Tiberius Catius Asconius Silius Italicus""]","[""Tiberius Catius Asconius Silius Italicus""]","[""Silius Italicus""]","[""Latin""]"
Marcus Cornelius Fronto,Fronton,Marcus Cornelius Fronto,Q317055,Fronto,323,"[""Fronto""]","[""Marcus Cornelius Fronto""]","[""Fronto Rhetor"", ""Fronto"", ""Marcus Cornelius Fronto Rhetor""]","[""Latin""]"
Columella,Columelle,Lucius Iunius Moderatus Columella,Q318317,Columella,199,"[""Lucius Kolumella"", ""Lucius Iunius Moderatus Columella"", ""Lucius Columella"", ""Lucius Junius Moderatus Columella"", ""L. Iunius Moderatus Columella""]","[""Lucius Columella""]","[""Columella""]","[""Latin""]"
Martianus Capella,Martianus Capella,Martianus Capella,Q348408,Martianus Capella,560,"[""Martianus Minneus Felix Capella"", ""M. Capella"", ""Martian Capella"", ""Martian"", ""Martian. Capella"", ""Martianus"", ""Capella""]","[""Marcien Capella"", ""Martianus""]","[""Martianus Minneus Felix Capella"", ""Felix Capella"", ""Martianus"", ""Martianus Cap."", ""Martianus Capella Carthaginiensis""]","[""Latin""]"
Servius,Servius,Maurus Servius Honoratus,Q355350,Servius,839,"[""Servius Honoratus"", ""Marius Servius Honoratus"", ""Marius Servius"", ""Sergius"", ""Maurus Servius Honoratus"", ""Seregius""]","[""Maurus Servius Honoratus""]","[""Servius"", ""Servius Grammaticus""]","[""Latin""]"
Priscian,Priscien de Césarée,Priscianus Caesariensis,Q356433,Priscianus,715,"[""Priscianus"", ""Priscian of Caesarea""]","[""Priscien""]","[""Priscianus"", ""Priscianus Caesarensis"", ""Priscianus Grammaticus""]","[""Latin""]"
Tyrannius Rufinus,Rufin d'Aquilée,Tyrannius Rufinus,Q365835,Rufinus of Aquileia,819,"[""Rufinus Aquileiensis"", ""Rufinus of Concordia"", ""Rufinus of Aquileia""]","[""Tyrannius Rufinus"", ""Rufin d'Aquilee""]","[""Rufinus Aquileiensis"", ""Rufinus Scriptor ecclesiasticus""]","[""Latin""]"
Valerius Maximus,Valère Maxime,Valerius Maximus,Q379991,Valerius Maximus,951,"[""Quintus V. Maximus"", ""Caius Valerius Maximus""]","[""Valere Maxime"", ""Valerius Maximus"", ""Val\u00e8re-Maxime""]","[""Valerius Maximus Historicus""]","[""Latin""]"
Dracontius,Dracontius,Blossius Aemilius Dracontius,Q885446,Blossius Aemilius Dracontius,5946,"[""Blossius Aemilius Dracontius""]","[""Blossius Aemilius Dracontius""]","[""Dracontius"", ""Dracontius Afer"", ""Dracontius Poeta""]","[""Latin""]"
Scriptores Historiae Augustae,Scriptores Historiae Augustae,Scriptores Historiae Augustae,Q9334638,Scriptores Historiae Augustae,5058,[],[],[],"[""Latin""]"
authors of Appendix Vergiliana,auteurs de l'Appendix Vergiliana,auctores Appendicis Vergilianae,Q102338318,Appendix Vergiliana,5098,"[""authors of the Appendix Vergiliana""]",[],[],"[""Latin""]"
Augustus,Auguste,Augustus,Q1405,Augustus,138,"[""Gaius Julius Caesar"", ""Gaius Octavius Caepias"", ""Gaius Octavian"", ""Octavius Caesar"", ""Gaius Julius Caesar Augustus"", ""Caesar Octavianus"", ""Gaius Julius Caesar Octavianus"", ""Octavianus"", ""Augustus Caesar"", ""Caius Octavius Thurinus"", ""Caius Octavius"", ""Octavian"", ""Gaius Caesar"", ""Caius Julius C\u00e6sar Octavianus"", ""Gaius Octavius"", ""Gaius Octavius Thurinus"", ""Caesar Augustus"", ""Imperator Gaius Julius Caesar Octavianus Divi Filius Augustus"", ""Gaius Julius Caesar Octavianus Augustus""]","[""C\u00e9sar Auguste"", ""Octave"", ""Gaius Julius Caesar"", ""Empereur Romain Auguste"", ""Octavius Caesar"", ""Gaius Octavius"", ""Caesar Augustus"", ""Octavien"", ""Gaius Julius Caesar Augustus""]","[""\u0393\u03ac\u03ca\u03bf\u03c2 \u1f48\u03ba\u03c4\u03b1\u03bf\u03cd\u03b9\u03bf\u03c2"", ""Imperator Caesar Divi F. Augustus"", ""Imperator Caesar Divi Filius Augustus"", ""Gaius Octavius"", ""\u039a\u03b1\u1fd6\u03c3\u03b1\u03c1 \u03a3\u03b5\u03b2\u03b1\u03c3\u03c4\u03cc\u03c2 \u03b8\u03b5\u03cc\u03c2"", ""Gaius Iulius Caesar Octavianus"", ""Imperator Caesar Divi f. Augustus""]","[""Latin""]"
Seneca,Sénèque,Lucius Annaeus Seneca minor,Q2054,Seneca,1102,"[""Lucius Annaeus Seneca"", ""L. Ann\u00e6us Seneca"", ""Annaeus Seneca"", ""Lucio Anneo Seneca"", ""Lucius Annaeus Seneca Iunior"", ""Seneca the Younger"", ""Lucius Annaeus Seneca minor"", ""the Younger Seneca"", ""Lucius Annaeus Seneca the Younger""]","[""Lucius Annaeus Seneca"", ""S\u00e9n\u00e8que le Jeune"", ""S\u00e9n\u00e8que le Philosophe""]","[""Lucius Annaeus Seneca"", ""Cordubensis"", ""L. Annaeus Seneca""]","[""Latin""]"
Quintus Curtius Rufus,Quinte-Curce,Quintus Curtius Rufus,Q5959,Curtius Rufus,209,"[""Curtius Rufus""]","[""Quinte Curce"", ""Quintus Curtius Rufus""]","[""Curtius Rufus"", ""Curtius Rufus Historicus""]","[""Latin""]"
Gaius Cornelius Gallus,Caius Cornelius Gallus,Gaius Cornelius Gallus,Q8825,Gaius Cornelius Gallus,203,"[""Cornelius Gallus""]","[""Gaius Cornelius Gallus""]","[""Cornelius Gallus"", ""Gallus Poeta""]","[""Latin""]"
Gregory I,Grégoire Ier,Gregorius Magnus,Q42827,Gregorius Magnus,345,"[""Pope Gregory I"", ""Pope Gregory the Great"", ""St Gregory I"", ""Pope Saint Gregory I"", ""St. Gregory the Dialogist"", ""Pope St. Gregory I"", ""Saint Gregory"", ""St Gregory the Great"", ""Gregorius Anicius"", ""Gregory"", ""Saint Gregory the Dialogist"", ""Pope Saint Gregory I the Great"", ""Saint Gregorius Magnus"", ""Gregorius Magnus"", ""St. Gregory the Great"", ""Saint Gregory I"", ""Saint Gregory the Great"", ""Gregory the Great"", ""Gregory The Great"", ""St Gregory""]","[""Gregoire le Grand"", ""Gr\u00e9goire 1er"", ""Gr\u00e9goire Ier le Grand"", ""Gr\u00e9goire le Grand"", ""Gregoire Ier"", ""saint Gr\u00e9goire le grand""]","[""Sanctus Gregorius PP. I Magnus"", ""Sanctus Gregorius"", ""Gregorius I"", ""Sanctus Gregorius Magnus""]","[""Latin""]"
Hermes Trismegistus,Hermès Trismégiste,Hermes Trismegistus,Q192358,Anonymi of the Corpus Hermeticum,205,"[""Trismegistus""]","[""Hermes Trismegistus"", ""Herm\u00e8s Trismegiste"", ""Hermes Trismegiste""]","[""Mercurius ter Maximus""]","[""Ancient Greek""]"
Callimachus,Callimaque de Cyrène,Callimachus,Q192417,Kallimachos,480,"[""Kallimachos of Kyrene"", ""Battiades"", ""Callimachus of Cyrene""]","[""Callimaque"", ""Callimaque de Cyrene""]","[""Callimachus Philosophus"", ""Callimachus Cyrenaicus"", ""Callimachus Poeta"", ""Callimachus Cyrenaeus"", ""Callimachus Cyrenensis""]","[""Ancient Greek""]"
Archilochus of Paros,Archiloque,Archilochus,Q201323,Archilochos,101,"[""Archilochus of Paros""]","[""Archiloque de Paros""]","[""Archilochus Elegiacus"", ""Archilochus Poeta"", ""Archilochus Iambographus"", ""Archilochus Parius""]","[""Ancient Greek""]"
Chrysippus of Soli,Chrysippe de Soles,Chrysippus,Q211411,Chrysippos,186,"[""Chrysippus""]","[""Chrysippos de Cilicie"", ""Chrysippe de Soli"", ""Chrysippe de Cilicie"", ""Chrysippos de Soles""]","[""Chrysippus Philosophus"", ""Chrysippus Soleus"", ""Chrysippus Stoicus"", ""Chrysippus Solensis""]","[""Ancient Greek""]"
Alcaeus of Mytilene,Alcée de Mytilène,Alcaeus,Q212872,Alkaios,40,"[""Alc\u00e6us"", ""Alcaeus"", ""Alc\u00e6us of Mitylene"", ""Alkaios""]","[""Alc\u00e9e de Lesbos""]","[""Alcaeus Mytilenaeus"", ""Alcaeus Lyricus"", ""Alcaeus Lesbius"", ""Alc\u00e6us Mitylen\u00e6us""]","[""Ancient Greek""]"
Theocritus,Théocrite,Theocritus,Q219484,Theokritos,925,"[""Theocrates""]","[""Theocrite""]","[""Theocritus Bucolicus"", ""Theocritus Syracusanus"", ""Theocritus Syracusius"", ""Theocritus Poeta""]","[""Ancient Greek""]"
Achilles Tatius,Achille Tatius,Achilles Tatius,Q221951,Achilleus Tatios,7,"[""Achilleus Tatios""]","[""Achille Tatios"", ""Achilles Tatius""]","[""Achilles Tatius Scriptor eroticus""]","[""Ancient Greek""]"
Photios I of Constantinople,Photios Ier de Constantinople,Photius I,Q243187,Photios,687,"[""Patriarch Photius I of Constantinople"", ""Photius"", ""Photios"", ""Patriarch Photios I of Constantinople"", ""Photios the Great"", ""Photius I of Constantinople""]","[""Photios de Constantinople"", ""Photius de Constantinople""]","[""Photius Theologus"", ""Photius Lexicographus"", ""Photius"", ""Photius Scriptor ecclesiasticus"", ""Photius Patriarcha Constantinopolitanus"", ""Photius Constantinopolitanus"", ""Photius Philologus"", ""Photius Patriarcha""]","[""Ancient Greek""]"
Libanius,Libanios,Libanius,Q263892,Libanios,520,"[""Libanius Sophista"", ""Libanius of Antioch"", ""Libanius the Sophist"", ""Libanios""]",[],"[""Libanius Sophista"", ""Libanius Rhetor"", ""Libanius Antiochenus""]","[""Ancient Greek""]"
Longus,Longus,Longus,Q314949,Longos,2857,[],[],"[""Longus Sophista"", ""Longus Scriptor eroticus""]","[""Ancient Greek""]"
Simonides of Ceos,Simonide de Céos,Simonides,Q273003,Simonides of Keos,857,"[""Simonides of Keos"", ""Simonides""]","[""Simonide de Ceos"", ""Simonide""]","[""Simonides Ceus"", ""Simonides Lyricus""]","[""Ancient Greek""]"
Alcman,Alcman,Alcman,Q298850,Alkman,42,[],[],"[""Alcman Lyricus"", ""Alcman Lacedaemonius""]","[""Ancient Greek""]"
Bacchylides,Bacchylide,Bacchylides,Q310681,Bakchylides,146,[],"[""Bacchylide de C\u00e9os""]","[""Bacchylides Lyricus"", ""Bacchylides Ceus""]","[""Ancient Greek""]"
Iamblichus,Jamblique,Iamblichus,Q310916,Iamblichos of Chalkis,2596,"[""Iamblichus of Chalcis""]","[""Iamblichus"", ""Jamblique de Chalcis"", ""Jamblique de Tyr""]","[""Abammon Syrus"", ""Iamblichus Philosophus"", ""Iamblichus Chalcidensis""]","[""Ancient Greek""]"
Nonnus of Panopolis,Nonnos de Panopolis,Nonnus,Q312916,Nonnos of Panopolis,604,"[""Nonnus""]",[],"[""Nonnus Panopolitanus"", ""Nonnus Epicus""]","[""Ancient Greek""]"
Heliodorus of Emesa,Héliodore d’Émèse,Heliodorus Emesenus,Q313011,Heliodoros of Emesa,1274,"[""Heliodorus""]","[""Heliodore d'Emese"", ""H\u00e9liodore""]","[""Heliodorus Scriptor eroticus"", ""Heliodorus""]","[""Ancient Greek""]"
Anaxagoras,Anaxagore de Clazomènes,Anaxagoras,Q83041,Anaxagoras,1538,"[""Anaxagoras of Clazomenae""]","[""Anaxagore de Clazomenes"", ""Anaxagoras"", ""Anaxagore de Clazom\u00e8ne""]","[""Anaxagoras Clazomenius""]","[""Ancient Greek""]"
Empedocles,Empédocle,Empedocles,Q83375,Empedokles,267,[],"[""Emp\u00e9docle d'Agrigente"", ""Emp\u00e9docle d\u2019Agrigente"", ""Empedocle d'Agrigente""]","[""Empedocles Philosophus""]","[""Ancient Greek""]"
Arius,Arius,Arius,Q106026,Areios,104,"[""Arius of Alexandria""]","[""Arius d'Alexandrie""]","[""Arius Alexandrinus"", ""Arius Haeresiarcha""]","[""Ancient Greek""]"
Parmenides,Parménide,Parmenides,Q125551,Parmenides,3340,"[""Parmenides of Elea""]","[""Parmenide"", ""Parm\u00e9nide d'\u00c9l\u00e9e"", ""Parmenides""]","[""Parmenides Philosophus"", ""Parmenides Poeta"", ""Parmenides Eleaticus""]","[""Ancient Greek""]"
Xenophanes,Xénophane,Xenophanes,Q131671,Xenophanes of Kolophon,4776,"[""Xenophanes of Colophon""]","[""X\u00e9nophane de Colophon"", ""Xenophane de Colophon""]","[""Xenophanes Philosophus"", ""Xenophanes Poeta"", ""Xenophanes Colophonius""]","[""Ancient Greek""]"
Solon,Solon,Solon,Q133337,Solon,864,"[""Solon of Athens""]","[""Solon d'Ath\u00e8nes""]","[""Solon Nomographus"", ""Solon Atheniensis"", ""Solon Philosophus"", ""Solon Poeta""]","[""Ancient Greek""]"
Protagoras,Protagoras,Protagoras,Q169243,Protagoras Abderita,8079,"[""Protagoras of Abdera""]","[""Protagoras d\u2019Abd\u00e8re"", ""Protagoras d'Abd\u00e8re""]","[""Protagoras Sophista"", ""Protagoras Abderita""]","[""Ancient Greek""]"
Posidonius,Posidonios,Posidonius Apameus,Q185770,Poseidonios of Apameia,710,"[""Poseidonios"", ""Posidonius of Apamea""]","[""Posidonios de Rhodes"", ""Poseidonios d'Apam\u00e9e"", ""Poseidonios"", ""Posidonius d'Apam\u00e9e"", ""Poseid\u00f4nios"", ""Posidonios d'Apam\u00e9e"", ""Posidonius"", ""Posidonius de Rhodes""]","[""Posidonius Philosophus"", ""Posidonius"", ""Posidonius Rhodius""]","[""Ancient Greek""]"
Tatian,Tatien le Syrien,Tatianus,Q272087,Tatianos,900,"[""Tatianus"", ""Tatian the Syrian""]","[""Tatien""]","[""Tatianus Syrus"", ""Tatianus Assyrius""]","[""Syriac""]"
Alexandros of Aphrodisias,Alexandre d’Aphrodise,Alexander Aphrodisiensis,Q317146,Alexandros of Aphrodisias,1461,"[""Alexander of Aphrodisias""]","[""Alexandre d'Aphrodisias"", ""Alexandre d'Aphrodisie""]",[],"[""Ancient Greek""]"
John Philoponus,Jean Philopon,Iohannes Philoponus,Q317632,Ioannes Philoponos,426,"[""Johannes Philoponus"", ""Philoponus""]","[""Johannes Philoponus"", ""Jean Philopone"", ""Jean Philoppon"", ""Philopon""]","[""Johannes Philoponus"", ""Iohannes Grammaticus"", ""Johannes Grammaticus"", ""Philoponus""]","[""Ancient Greek""]"
Homer,Homère,Homerus,Q6691,Homeros,393,"[""Homeros"", ""Homerus"", ""M\u00e6onides""]",[],"[""Homerus Epicus""]","[""Ancient Greek""]"
Euclid,Euclide,Euclides,Q8747,Eukleides,293,"[""Euclides"", ""Eukleides"", ""Euclid of Alexandria""]",[],"[""Euclides Alexandrinus"", ""Euclides Mathematicus"", ""Euclides Geometra""]","[""Ancient Greek""]"
Dionysius of Halicarnassus,Denys d'Halicarnasse,Dionysius Halicarnasseus,Q26204,Dionysios of Halikarnassos,247,"[""Dionysios of Halikarnassos""]","[""Denys d'Halycarnasse""]","[""Dionysius Halicarnassensis"", ""Dionysius Halicarnassensis Historicus"", ""Dionysius Halicarnassensis Rhetor""]","[""Ancient Greek""]"
Herodotus,Hérodote,Herodotus,Q26825,Herodotos,376,"[""Herodotos"", ""Herodotus of Halicarnassus"", ""Father of History""]","[""H\u00e9rodote d'Halicarnasse"", ""Herodote"", ""H\u00e9rodote de Thourioi""]","[""Herodotus Halicarnassensis""]","[""Ancient Greek""]"
Aeschylus,Eschyle,Aeschylus,Q40939,Aischylos,25,"[""Aeschylos"", ""\u00c6schylus""]","[""\u00c9chille"", ""\u00c9schyle"", ""Aiskh\u00falos""]","[""Aeschylus Tragicus"", ""Aeschylus Atheniensis"", ""Aeschylus tragicus""]","[""Ancient Greek""]"
Heraclitus,Héraclite,Heraclitus,Q41155,Herakleitos of Ephesos,1047,"[""Heraclitus of Ephesus"", ""Weeping Philosopher""]","[""Heraklit"", ""H\u00e9raclite d'Eph\u00e8se"", ""Heraclite"", ""H\u00e9raclite d'\u00c9ph\u00e8se""]","[""Heraclitus Ephesius"", ""Heraclitus Philosophus""]","[""Ancient Greek""]"
Thucydides,Thucydide,Thucydides,Q41683,Thoukydides,937,[],"[""Thucidide"", ""Thucydide d'Ath\u00e8nes""]","[""Thucydides Historicus"", ""Thucydides Atheniensis""]","[""Ancient Greek""]"
Clement I,Clément de Rome,Clemens I,Q42887,Clemens of Rome,197,"[""Saint Clemens"", ""Clement the Bishop"", ""St. Clement"", ""St. Clemens"", ""Saint Clement"", ""Clemens"", ""Clemens Romanus"", ""Pope Saint Clement I"", ""San Clemente"", ""Pope Klyment I"", ""Clemens the Bishop"", ""Clement"", ""Clemens I"", ""Pope Klemens I"", ""Saint Clement I"", ""Clement of Rome"", ""Flavius Clemens"", ""Pope Kelemen I"", ""Pope Clement I""]","[""Clement Ier"", ""Cl\u00e9ment Romain"", ""Cl\u00e9ment 1er"", ""Saint Clement"", ""Cl\u00e9ment Ier""]","[""Sanctus Clemens"", ""Sanctus Clemens PP. I"", ""Papa Clemens I"", ""Clemens Romanus"", ""Sanctus Clemens I""]","[""Ancient Greek""]"
Athanasius of Alexandria,Athanase d'Alexandrie,Athanasius Alexandrinus,Q44024,Athanasios,134,"[""Athanasius the Confessor"", ""Sint Atanaze d\u2019 Alegzandreye"", ""Athanasius Alexandrinus"", ""Athanasius"", ""Athanasius the Apostolic"", ""Athanasius the Great"", ""Athanasios of Alexandria"", ""Saint Athanasius"", ""Athanasius Contra Mundum"", ""Athanasius I of Alexandria""]","[""Saint Athanase d\u2019Alexandrie"", ""Athanase le Grand"", ""Athanase Ier"", ""Athanasien"", ""Athanase d\u2019Alexandrie""]","[""Athanasius Magnus""]","[""Ancient Greek""]"
Hesiod,Hésiode,Hesiodus,Q44233,Hesiodos,381,"[""Hesiod of Ascra"", ""Hesiodus""]","[""Hesiode"", ""H\u00e9siode d'Ascra""]","[""Hesiodus Ascraeus"", ""Hesiodus Epicus""]","[""Ancient Greek""]"
Stesichorus,Stésichore,Stesichorus,Q332797,Stesichoros,884,[],"[""St\u00e8sichore de Metauros"", ""St\u00e9sichore d'Him\u00e8re"", ""Stesichore""]","[""Stesichorus Lyricus"", ""Stesichorus Himeraeus"", ""Stesichorus Poeta""]","[""Ancient Greek""]"
Theognis of Megara,Théognis de Mégare,Theognis,Q336115,Theognis,923,"[""Theognis""]","[""Theognis de Megare"", ""Th\u00e9ognis""]","[""Theognis Elegiacus"", ""Theognis Megarensis"", ""Theognis Megareus""]","[""Ancient Greek""]"
Aelius Aristides,Aelius Aristide,Publius Aelius Aristides,Q354431,Aelius Aristeides,13,"[""Publius Aelius Aristides Theodorus"", ""Publius Aelius Aristides""]","[""\u00c6lius Aristide""]","[""Aelius Aristides"", ""Aristides Rhetor""]","[""Ancient Greek""]"
Herodas,Hérondas,Herodas,Q434811,Herondas,379,"[""Herondas""]","[""H\u00e9rodas"", ""Herondas""]","[""Herodas Mimographus"", ""Herondas Mimographus"", ""Herondas""]","[""Ancient Greek""]"
Evagrius Ponticus,Évagre le Pontique,Evagrius Ponticus,Q437869,Euagrios of Pontos,286,"[""Evagrius of Pontus"", ""Evagrius the Solitary""]","[""Evagre du Pont"", ""Evagre le Pontique"", ""Evagrius Ponticus""]",[],"[""Ancient Greek""]"
Philodemus,Philodème de Gadara,Philodemus,Q451550,Philodemos,672,"[""Philodem"", ""Philodemus of Gadara"", ""Philodemos""]","[""Philod\u00e8me l'\u00e9picurien"", ""Philodeme de Gadara"", ""Philod\u00e8me""]","[""Philodemus Gadarensis"", ""Philodemus Philosophus""]","[""Ancient Greek""]"
Pseudo-Longinus,Pseudo-Longin,Longinus,Q744540,Pseudo-Longinos or Pseudo-Dionysios,2854,"[""Dionysius Longinus""]",[],"[""Pseudo-Longinus"", ""Dionysius Longinus""]","[""Ancient Greek""]"
Posidippus,Posidippe,Posidippus,Q1392801,Poseidippos of Pella,709,"[""Posidippus of Pella""]","[""Posidippos"", ""Posidippus""]","[""Posidippus Pellensis""]","[""Ancient Greek""]"
Plato,Platon,Plato,Q859,Platon,694,[],[],"[""Plato Philosophus""]","[""Attic Greek""]"
Venantius Fortunatus,Venance Fortunat,Venantius Fortunatus,Q44934,Venantius Fortunatus,956,"[""Venantius Honorius Clementianus Fortunatus"", ""St. Venantius Honorius Clementianus Fortunato"", ""Fortunatus""]","[""Venantius Fortunatus""]","[""Venantius Fortunatus Poeta"", ""Venantius Honorius Clementianus Fortunatus""]","[""Medieval Latin""]"
Gregory of Tours,Grégoire de Tours,Gregorius Turonensis,Q67841,Gregorius of Tours,1278,"[""St. Gregory of Tours""]","[""Gr\u00e9goire de Tour"", ""Saint Gr\u00e9goire de Tours"", ""Gregoire de Tours""]","[""Sanctus Gregorius Turonensis""]","[""Medieval Latin""]"
Gorgias,Gorgias,Gorgias,Q179785,Gorgias of Leontinoi,2449,"[""Gorgias of Leontini""]",[],"[""Gorgias Sophista"", ""Gorgias Leontinus""]","[""Attic Greek""]"
Maximus the Confessor,Maxime le Confesseur,Maximus Confessor,Q206842,Maximos confessor,2999,"[""Saint Maximus"", ""Maximus of Constantinople"", ""Maximus the Theologian""]","[""Maxime de Chrysopolis"", ""Saint Maxime le Confesseur""]","[""Maximus Confessor Theologus"", ""Maximus Constantinopolitanus"", ""Maximus Homologetes""]","[""Medieval Greek""]"
Pelagius,Pélage,Pelagius,Q162593,Pelagius,644,"[""Morgan""]","[""Pelagius""]","[""Pelagius Britannicus"", ""Pelagius Theologus""]",[]
Mani,Mani,Manes,Q203922,Mani,547,"[""Manes"", ""Suraik"", ""Kurbik""]","[""ma\u00eetre Mani"", ""le Vivant"", ""Manikhaios""]","[""Manichaeus""]",[]
Hippolytus,Hippolyte de Rome,Hippolytus,Q207113,Hippolytos of Rome,391,"[""St. Hippolytus"", ""Hippolytus of Rome""]","[""Hippolyte de Porto"", ""Antipape Hippolyte"", ""Saint Hippolyte de Rome""]","[""Sanctus Hippolytus"", ""Hippolytus Romanus""]",[]
Pseudo-Dionysius the Areopagite,Pseudo-Denys l'Aréopagite,Pseudo-Dionysius Areopagita,Q312816,Pseudo-Dionysios Areopagites,744,"[""Pseudo-Denys"", ""Dionysius the Pseudo-Areopagite""]","[""Pseudo-Denys"", ""Corpus Areopagiticum"", ""Pseudo-Denys l'Areopagite"", ""Saint Denys l\u2019Ar\u00e9opagite""]",[],[]
Suidas,Suidas,Suidas,Q1534037,Anonymus of the Suidas,6227,"[""S\u016b\u00efdas"", ""Su\u00efdas"", ""Soudas"", ""Souidas""]",[],[],[]
Hermas,Hermas,Hermas,Q1799472,Hermas,370,[],[],"[""Hermas Scriptor ecclesiasticus""]",[]
Socrates,Socrate,Socrates,Q913,Sokrates,3623,[],[],"[""Socrates Atheniensis"", ""Socrates Philosophus""]",[]
Pythagoras,Pythagore,Pythagoras,Q10261,Pythagoras,803,"[""Pythagoras from Samos"", ""Pythagoras of Samos"", ""Samian Sage""]",[],"[""Pythagoras Samius"", ""Pythagoras Philosophus""]",[]
